<?xml version="1.0" encoding="utf-8"?>
<ArrayOfClsGroep xmlns:xsi="http://www.w3.org/2001/XMLSchema-instance" xmlns:xsd="http://www.w3.org/2001/XMLSchema">
  <clsGroep>
    <GroepID>1</GroepID>
    <GroepNaam>run()</GroepNaam>
    <NetrixWEB>false</NetrixWEB>
    <Deelnemers>
      <Deelnemer>
        <Naam>register.pc = 0</Naam>
        <Bericht>register</Bericht>
        <Bestemming>0</Bestemming>
        <NumBericht>pc</NumBericht>
        <CancelMethod>CancelMethodOff</CancelMethod>
        <Callback>0</Callback>
        <Prioriteit>0</Prioriteit>
        <RingTime>0</RingTime>
        <TypeDeelnemer>eTypeConversionTable</TypeDeelnemer>
        <PPQ>false</PPQ>
        <Vibrator>false</Vibrator>
        <DisplayTime>0</DisplayTime>
        <DeleteCalls>false</DeleteCalls>
      </Deelnemer>
      <Deelnemer>
        <Naam>tickCPU()</Naam>
        <Bestemming>111</Bestemming>
        <CancelMethod>CancelMethodOff</CancelMethod>
        <Prioriteit>0</Prioriteit>
        <RingTime>0</RingTime>
        <TypeDeelnemer>eTypeGroepBericht</TypeDeelnemer>
        <PPQ>false</PPQ>
        <Vibrator>false</Vibrator>
        <DisplayTime>0</DisplayTime>
        <DeleteCalls>false</DeleteCalls>
      </Deelnemer>
    </Deelnemers>
  </clsGroep>
  <clsGroep>
    <GroepID>100</GroepID>
    <GroepNaam>stepCPU()</GroepNaam>
    <NetrixWEB>false</NetrixWEB>
    <Deelnemers>
      <Deelnemer>
        <Naam>readInstruction(register.pc)</Naam>
        <Bericht />
        <Bestemming>101</Bestemming>
        <NumBericht />
        <CancelMethod>CancelMethodOff</CancelMethod>
        <Callback />
        <Parameter1>&amp;[GETVAR]register,pc]</Parameter1>
        <Parameter2 />
        <Parameter3 />
        <Prioriteit>0</Prioriteit>
        <RingTime>0</RingTime>
        <TypeDeelnemer>eTypeGroupExtended</TypeDeelnemer>
        <PPQ>false</PPQ>
        <Vibrator>false</Vibrator>
        <DisplayTime>0</DisplayTime>
        <DeleteCalls>false</DeleteCalls>
      </Deelnemer>
      <Deelnemer>
        <Naam>executeInstruction(processor.instr)</Naam>
        <Bericht />
        <Bestemming>102</Bestemming>
        <NumBericht />
        <CancelMethod>CancelMethodOff</CancelMethod>
        <Callback />
        <Parameter1>&amp;[GETVAR]processor,instr]</Parameter1>
        <Parameter2 />
        <Parameter3 />
        <Prioriteit>0</Prioriteit>
        <RingTime>0</RingTime>
        <TypeDeelnemer>eTypeGroupExtended</TypeDeelnemer>
        <PPQ>false</PPQ>
        <Vibrator>false</Vibrator>
        <DisplayTime>0</DisplayTime>
        <DeleteCalls>false</DeleteCalls>
      </Deelnemer>
    </Deelnemers>
  </clsGroep>
  <clsGroep>
    <GroepID>101</GroepID>
    <GroepNaam>readInstruction(location)</GroepNaam>
    <NetrixWEB>false</NetrixWEB>
    <Deelnemers>
      <Deelnemer>
        <Naam>processor.instr = memory[MSG1]</Naam>
        <Bericht>processor</Bericht>
        <Bestemming>0</Bestemming>
        <NumBericht>instr</NumBericht>
        <CancelMethod>CancelMethodOff</CancelMethod>
        <Callback>&amp;[MSG1C]memory]</Callback>
        <Prioriteit>0</Prioriteit>
        <RingTime>0</RingTime>
        <TypeDeelnemer>eTypeConversionTable</TypeDeelnemer>
        <PPQ>false</PPQ>
        <Vibrator>false</Vibrator>
        <DisplayTime>0</DisplayTime>
        <DeleteCalls>false</DeleteCalls>
      </Deelnemer>
    </Deelnemers>
  </clsGroep>
  <clsGroep>
    <GroepID>102</GroepID>
    <GroepNaam>executeInstruction(mnemonic)</GroepNaam>
    <NetrixWEB>false</NetrixWEB>
    <Deelnemers>
      <Deelnemer>
        <Naam>instructions.mnemonic()</Naam>
        <Bestemming>&amp;[MSG1C]instructions]</Bestemming>
        <CancelMethod>CancelMethodOff</CancelMethod>
        <Prioriteit>0</Prioriteit>
        <RingTime>0</RingTime>
        <TypeDeelnemer>eTypeGroepBericht</TypeDeelnemer>
        <PPQ>false</PPQ>
        <Vibrator>false</Vibrator>
        <DisplayTime>0</DisplayTime>
        <DeleteCalls>false</DeleteCalls>
      </Deelnemer>
    </Deelnemers>
  </clsGroep>
  <clsGroep>
    <GroepID>103</GroepID>
    <GroepNaam>incVolatilePCandStep()</GroepNaam>
    <NetrixWEB>false</NetrixWEB>
    <Deelnemers>
      <Deelnemer>
        <Naam>incVolatilePC(processor.pc)</Naam>
        <Bericht />
        <Bestemming>105</Bestemming>
        <NumBericht />
        <CancelMethod>CancelMethodOff</CancelMethod>
        <Callback />
        <Parameter1>&amp;[GETVAR]processor,pc]</Parameter1>
        <Parameter2 />
        <Parameter3 />
        <Prioriteit>0</Prioriteit>
        <RingTime>0</RingTime>
        <TypeDeelnemer>eTypeGroupExtended</TypeDeelnemer>
        <PPQ>false</PPQ>
        <Vibrator>false</Vibrator>
        <DisplayTime>0</DisplayTime>
        <DeleteCalls>false</DeleteCalls>
      </Deelnemer>
      <Deelnemer>
        <Naam>register.pc = processor.pc</Naam>
        <Bericht>register</Bericht>
        <Bestemming>0</Bestemming>
        <NumBericht>pc</NumBericht>
        <CancelMethod>CancelMethodOff</CancelMethod>
        <Callback>&amp;[GETVAR]processor,pc]</Callback>
        <Prioriteit>0</Prioriteit>
        <RingTime>0</RingTime>
        <TypeDeelnemer>eTypeConversionTable</TypeDeelnemer>
        <PPQ>false</PPQ>
        <Vibrator>false</Vibrator>
        <DisplayTime>0</DisplayTime>
        <DeleteCalls>false</DeleteCalls>
      </Deelnemer>
      <Deelnemer>
        <Naam>tickCPU()</Naam>
        <Bestemming>111</Bestemming>
        <CancelMethod>CancelMethodOff</CancelMethod>
        <Prioriteit>0</Prioriteit>
        <RingTime>0</RingTime>
        <TypeDeelnemer>eTypeGroepBericht</TypeDeelnemer>
        <PPQ>false</PPQ>
        <Vibrator>false</Vibrator>
        <DisplayTime>0</DisplayTime>
        <DeleteCalls>false</DeleteCalls>
      </Deelnemer>
    </Deelnemers>
  </clsGroep>
  <clsGroep>
    <GroepID>104</GroepID>
    <GroepNaam>setVolatilePC()</GroepNaam>
    <NetrixWEB>false</NetrixWEB>
    <Deelnemers>
      <Deelnemer>
        <Naam>processor.pc = register.pc</Naam>
        <Bericht>processor</Bericht>
        <Bestemming>0</Bestemming>
        <NumBericht>pc</NumBericht>
        <CancelMethod>CancelMethodOff</CancelMethod>
        <Callback>&amp;[GETVAR]register,pc]</Callback>
        <Prioriteit>0</Prioriteit>
        <RingTime>0</RingTime>
        <TypeDeelnemer>eTypeConversionTable</TypeDeelnemer>
        <PPQ>false</PPQ>
        <Vibrator>false</Vibrator>
        <DisplayTime>0</DisplayTime>
        <DeleteCalls>false</DeleteCalls>
      </Deelnemer>
    </Deelnemers>
  </clsGroep>
  <clsGroep>
    <GroepID>105</GroepID>
    <GroepNaam>incVolatilePC(volatilePC)</GroepNaam>
    <NetrixWEB>false</NetrixWEB>
    <Deelnemers>
      <Deelnemer>
        <Naam>processor.pc = diff1[volatilePC]</Naam>
        <Bericht>processor</Bericht>
        <Bestemming>0</Bestemming>
        <NumBericht>pc</NumBericht>
        <CancelMethod>CancelMethodOff</CancelMethod>
        <Callback>&amp;[MSG1C]diff1]</Callback>
        <Prioriteit>0</Prioriteit>
        <RingTime>0</RingTime>
        <TypeDeelnemer>eTypeConversionTable</TypeDeelnemer>
        <PPQ>false</PPQ>
        <Vibrator>false</Vibrator>
        <DisplayTime>0</DisplayTime>
        <DeleteCalls>false</DeleteCalls>
      </Deelnemer>
    </Deelnemers>
  </clsGroep>
  <clsGroep>
    <GroepID>106</GroepID>
    <GroepNaam>setVolatileFromMemory(destination, address)</GroepNaam>
    <NetrixWEB>false</NetrixWEB>
    <Deelnemers>
      <Deelnemer>
        <Naam>processor.destination = memory[address]</Naam>
        <Bericht>processor</Bericht>
        <Bestemming>0</Bestemming>
        <NumBericht>&amp;[MSG1]</NumBericht>
        <CancelMethod>CancelMethodOff</CancelMethod>
        <Callback>&amp;[MSG2C]memory]</Callback>
        <Prioriteit>0</Prioriteit>
        <RingTime>0</RingTime>
        <TypeDeelnemer>eTypeConversionTable</TypeDeelnemer>
        <PPQ>false</PPQ>
        <Vibrator>false</Vibrator>
        <DisplayTime>0</DisplayTime>
        <DeleteCalls>false</DeleteCalls>
      </Deelnemer>
    </Deelnemers>
  </clsGroep>
  <clsGroep>
    <GroepID>107</GroepID>
    <GroepNaam>setVolatileOperand(destination)</GroepNaam>
    <NetrixWEB>false</NetrixWEB>
    <Deelnemers>
      <Deelnemer>
        <Naam>incVolatilePC(processor.pc)</Naam>
        <Bericht />
        <Bestemming>105</Bestemming>
        <NumBericht />
        <CancelMethod>CancelMethodOff</CancelMethod>
        <Callback />
        <Parameter1>&amp;[GETVAR]processor,pc]</Parameter1>
        <Parameter2 />
        <Parameter3 />
        <Prioriteit>0</Prioriteit>
        <RingTime>0</RingTime>
        <TypeDeelnemer>eTypeGroupExtended</TypeDeelnemer>
        <PPQ>false</PPQ>
        <Vibrator>false</Vibrator>
        <DisplayTime>0</DisplayTime>
        <DeleteCalls>false</DeleteCalls>
      </Deelnemer>
      <Deelnemer>
        <Naam>setVolatileFromMemory(destination, processor.pc)</Naam>
        <Bericht />
        <Bestemming>106</Bestemming>
        <NumBericht />
        <CancelMethod>CancelMethodOff</CancelMethod>
        <Callback />
        <Parameter1>&amp;[MSG1]</Parameter1>
        <Parameter2>&amp;[GETVAR]processor,pc]</Parameter2>
        <Parameter3 />
        <Prioriteit>0</Prioriteit>
        <RingTime>0</RingTime>
        <TypeDeelnemer>eTypeGroupExtended</TypeDeelnemer>
        <PPQ>false</PPQ>
        <Vibrator>false</Vibrator>
        <DisplayTime>0</DisplayTime>
        <DeleteCalls>false</DeleteCalls>
      </Deelnemer>
    </Deelnemers>
  </clsGroep>
  <clsGroep>
    <GroepID>108</GroepID>
    <GroepNaam>setRegisterFromMemory(destination, address)</GroepNaam>
    <NetrixWEB>false</NetrixWEB>
    <Deelnemers>
      <Deelnemer>
        <Naam>register.destination = memory[address]</Naam>
        <Bericht>register</Bericht>
        <Bestemming>0</Bestemming>
        <NumBericht>&amp;[MSG1]</NumBericht>
        <CancelMethod>CancelMethodOff</CancelMethod>
        <Callback>&amp;[MSG2C]memory]</Callback>
        <Prioriteit>0</Prioriteit>
        <RingTime>0</RingTime>
        <TypeDeelnemer>eTypeConversionTable</TypeDeelnemer>
        <PPQ>false</PPQ>
        <Vibrator>false</Vibrator>
        <DisplayTime>0</DisplayTime>
        <DeleteCalls>false</DeleteCalls>
      </Deelnemer>
    </Deelnemers>
  </clsGroep>
  <clsGroep>
    <GroepID>109</GroepID>
    <GroepNaam>setMemoryFromImmediate(address, value) </GroepNaam>
    <NetrixWEB>false</NetrixWEB>
    <Deelnemers>
      <Deelnemer>
        <Naam>memory[address] = value</Naam>
        <Bericht>memory</Bericht>
        <Bestemming>0</Bestemming>
        <NumBericht>&amp;[MSG1]</NumBericht>
        <CancelMethod>CancelMethodOff</CancelMethod>
        <Callback>&amp;[MSG2]</Callback>
        <Prioriteit>0</Prioriteit>
        <RingTime>0</RingTime>
        <TypeDeelnemer>eTypeConversionTable</TypeDeelnemer>
        <PPQ>false</PPQ>
        <Vibrator>false</Vibrator>
        <DisplayTime>0</DisplayTime>
        <DeleteCalls>false</DeleteCalls>
      </Deelnemer>
    </Deelnemers>
  </clsGroep>
  <clsGroep>
    <GroepID>110</GroepID>
    <GroepNaam>testZero(value)</GroepNaam>
    <NetrixWEB>false</NetrixWEB>
    <Deelnemers>
      <Deelnemer>
        <Naam>register.zero = iszero[value]</Naam>
        <Bericht>register</Bericht>
        <Bestemming>0</Bestemming>
        <NumBericht>zero</NumBericht>
        <CancelMethod>CancelMethodOff</CancelMethod>
        <Callback>&amp;[MSG1C]iszero]</Callback>
        <Prioriteit>0</Prioriteit>
        <RingTime>0</RingTime>
        <TypeDeelnemer>eTypeConversionTable</TypeDeelnemer>
        <PPQ>false</PPQ>
        <Vibrator>false</Vibrator>
        <DisplayTime>0</DisplayTime>
        <DeleteCalls>false</DeleteCalls>
      </Deelnemer>
    </Deelnemers>
  </clsGroep>
  <clsGroep>
    <GroepID>111</GroepID>
    <GroepNaam>tickCPU()</GroepNaam>
    <NetrixWEB>false</NetrixWEB>
    <Deelnemers>
      <Deelnemer>
        <Naam>tickCPU()</Naam>
        <Bericht>01&amp;[US]100&amp;[RS]02&amp;[US]&amp;[RS]03&amp;[US]&amp;[RS]04&amp;[US]&amp;[RS]05&amp;[US]&amp;[RS]06&amp;[US]&amp;[RS]07&amp;[US]&amp;[RS]08&amp;[US]&amp;[RS]09&amp;[US]&amp;[RS]10&amp;[US]&amp;[RS]</Bericht>
        <Bestemming>1</Bestemming>
        <NumBericht>10</NumBericht>
        <CancelMethod>CancelMethodOff</CancelMethod>
        <Callback>127.0.0.1</Callback>
        <Prioriteit>0</Prioriteit>
        <RingTime>0</RingTime>
        <TypeDeelnemer>eTypeIPBericht</TypeDeelnemer>
        <PPQ>false</PPQ>
        <Vibrator>false</Vibrator>
        <DisplayTime>0</DisplayTime>
        <DeleteCalls>false</DeleteCalls>
      </Deelnemer>
    </Deelnemers>
  </clsGroep>
  <clsGroep>
    <GroepID>1000</GroepID>
    <GroepNaam>instrNOP()</GroepNaam>
    <NetrixWEB>false</NetrixWEB>
    <Deelnemers>
      <Deelnemer>
        <Naam>debug("NOP")</Naam>
        <Bericht />
        <Bestemming>9000</Bestemming>
        <NumBericht />
        <CancelMethod>CancelMethodOff</CancelMethod>
        <Callback />
        <Parameter1>NOP</Parameter1>
        <Parameter2 />
        <Parameter3 />
        <Prioriteit>0</Prioriteit>
        <RingTime>0</RingTime>
        <TypeDeelnemer>eTypeGroupExtended</TypeDeelnemer>
        <PPQ>false</PPQ>
        <Vibrator>false</Vibrator>
        <DisplayTime>0</DisplayTime>
        <DeleteCalls>false</DeleteCalls>
      </Deelnemer>
      <Deelnemer>
        <Naam>setVolatilePC()</Naam>
        <Bestemming>104</Bestemming>
        <CancelMethod>CancelMethodOff</CancelMethod>
        <Prioriteit>0</Prioriteit>
        <RingTime>0</RingTime>
        <TypeDeelnemer>eTypeGroepBericht</TypeDeelnemer>
        <PPQ>false</PPQ>
        <Vibrator>false</Vibrator>
        <DisplayTime>0</DisplayTime>
        <DeleteCalls>false</DeleteCalls>
      </Deelnemer>
      <Deelnemer>
        <Naam>incVolatilePC(processor.pc)</Naam>
        <Bericht />
        <Bestemming>105</Bestemming>
        <NumBericht />
        <CancelMethod>CancelMethodOff</CancelMethod>
        <Callback />
        <Parameter1>&amp;[GETVAR]processor,pc]</Parameter1>
        <Parameter2 />
        <Parameter3 />
        <Prioriteit>0</Prioriteit>
        <RingTime>0</RingTime>
        <TypeDeelnemer>eTypeGroupExtended</TypeDeelnemer>
        <PPQ>false</PPQ>
        <Vibrator>false</Vibrator>
        <DisplayTime>0</DisplayTime>
        <DeleteCalls>false</DeleteCalls>
      </Deelnemer>
      <Deelnemer>
        <Naam>register.pc = processor.pc</Naam>
        <Bericht>register</Bericht>
        <Bestemming>0</Bestemming>
        <NumBericht>pc</NumBericht>
        <CancelMethod>CancelMethodOff</CancelMethod>
        <Callback>&amp;[GETVAR]processor,pc]</Callback>
        <Prioriteit>0</Prioriteit>
        <RingTime>0</RingTime>
        <TypeDeelnemer>eTypeConversionTable</TypeDeelnemer>
        <PPQ>false</PPQ>
        <Vibrator>false</Vibrator>
        <DisplayTime>0</DisplayTime>
        <DeleteCalls>false</DeleteCalls>
      </Deelnemer>
      <Deelnemer>
        <Naam>tickCPU()</Naam>
        <Bestemming>111</Bestemming>
        <CancelMethod>CancelMethodOff</CancelMethod>
        <Prioriteit>0</Prioriteit>
        <RingTime>0</RingTime>
        <TypeDeelnemer>eTypeGroepBericht</TypeDeelnemer>
        <PPQ>false</PPQ>
        <Vibrator>false</Vibrator>
        <DisplayTime>0</DisplayTime>
        <DeleteCalls>false</DeleteCalls>
      </Deelnemer>
    </Deelnemers>
  </clsGroep>
  <clsGroep>
    <GroepID>1010</GroepID>
    <GroepNaam>instrHLT()</GroepNaam>
    <NetrixWEB>false</NetrixWEB>
    <Deelnemers>
      <Deelnemer>
        <Naam>debug("HLT")</Naam>
        <Bericht />
        <Bestemming>9000</Bestemming>
        <NumBericht />
        <CancelMethod>CancelMethodOff</CancelMethod>
        <Callback />
        <Parameter1>HLT</Parameter1>
        <Parameter2 />
        <Parameter3 />
        <Prioriteit>0</Prioriteit>
        <RingTime>0</RingTime>
        <TypeDeelnemer>eTypeGroupExtended</TypeDeelnemer>
        <PPQ>false</PPQ>
        <Vibrator>false</Vibrator>
        <DisplayTime>0</DisplayTime>
        <DeleteCalls>false</DeleteCalls>
      </Deelnemer>
    </Deelnemers>
  </clsGroep>
  <clsGroep>
    <GroepID>1020</GroepID>
    <GroepNaam>instrJMP()</GroepNaam>
    <NetrixWEB>false</NetrixWEB>
    <Deelnemers>
      <Deelnemer>
        <Naam>setVolatilePC()</Naam>
        <Bestemming>104</Bestemming>
        <CancelMethod>CancelMethodOff</CancelMethod>
        <Prioriteit>0</Prioriteit>
        <RingTime>0</RingTime>
        <TypeDeelnemer>eTypeGroepBericht</TypeDeelnemer>
        <PPQ>false</PPQ>
        <Vibrator>false</Vibrator>
        <DisplayTime>0</DisplayTime>
        <DeleteCalls>false</DeleteCalls>
      </Deelnemer>
      <Deelnemer>
        <Naam>setVolatileOperand(operand1)</Naam>
        <Bericht />
        <Bestemming>107</Bestemming>
        <NumBericht />
        <CancelMethod>CancelMethodOff</CancelMethod>
        <Callback />
        <Parameter1>operand1</Parameter1>
        <Parameter2 />
        <Parameter3 />
        <Prioriteit>0</Prioriteit>
        <RingTime>0</RingTime>
        <TypeDeelnemer>eTypeGroupExtended</TypeDeelnemer>
        <PPQ>false</PPQ>
        <Vibrator>false</Vibrator>
        <DisplayTime>0</DisplayTime>
        <DeleteCalls>false</DeleteCalls>
      </Deelnemer>
      <Deelnemer>
        <Naam>debug("NOP")</Naam>
        <Bericht />
        <Bestemming>9000</Bestemming>
        <NumBericht />
        <CancelMethod>CancelMethodOff</CancelMethod>
        <Callback />
        <Parameter1>JMP &amp;[GETVAR]processor,operand1]</Parameter1>
        <Parameter2 />
        <Parameter3 />
        <Prioriteit>0</Prioriteit>
        <RingTime>0</RingTime>
        <TypeDeelnemer>eTypeGroupExtended</TypeDeelnemer>
        <PPQ>false</PPQ>
        <Vibrator>false</Vibrator>
        <DisplayTime>0</DisplayTime>
        <DeleteCalls>false</DeleteCalls>
      </Deelnemer>
      <Deelnemer>
        <Naam>register.pc = processor.operand1</Naam>
        <Bericht>register</Bericht>
        <Bestemming>0</Bestemming>
        <NumBericht>pc</NumBericht>
        <CancelMethod>CancelMethodOff</CancelMethod>
        <Callback>&amp;[GETVAR]processor,operand1]</Callback>
        <Prioriteit>0</Prioriteit>
        <RingTime>0</RingTime>
        <TypeDeelnemer>eTypeConversionTable</TypeDeelnemer>
        <PPQ>false</PPQ>
        <Vibrator>false</Vibrator>
        <DisplayTime>0</DisplayTime>
        <DeleteCalls>false</DeleteCalls>
      </Deelnemer>
      <Deelnemer>
        <Naam>tickCPU()</Naam>
        <Bestemming>111</Bestemming>
        <CancelMethod>CancelMethodOff</CancelMethod>
        <Prioriteit>0</Prioriteit>
        <RingTime>0</RingTime>
        <TypeDeelnemer>eTypeGroepBericht</TypeDeelnemer>
        <PPQ>false</PPQ>
        <Vibrator>false</Vibrator>
        <DisplayTime>0</DisplayTime>
        <DeleteCalls>false</DeleteCalls>
      </Deelnemer>
    </Deelnemers>
  </clsGroep>
  <clsGroep>
    <GroepID>1030</GroepID>
    <GroepNaam>instrMOVMA()</GroepNaam>
    <NetrixWEB>false</NetrixWEB>
    <Deelnemers>
      <Deelnemer>
        <Naam>setVolatilePC()</Naam>
        <Bestemming>104</Bestemming>
        <CancelMethod>CancelMethodOff</CancelMethod>
        <Prioriteit>0</Prioriteit>
        <RingTime>0</RingTime>
        <TypeDeelnemer>eTypeGroepBericht</TypeDeelnemer>
        <PPQ>false</PPQ>
        <Vibrator>false</Vibrator>
        <DisplayTime>0</DisplayTime>
        <DeleteCalls>false</DeleteCalls>
      </Deelnemer>
      <Deelnemer>
        <Naam>setVolatileOperand(operand1)</Naam>
        <Bericht />
        <Bestemming>107</Bestemming>
        <NumBericht />
        <CancelMethod>CancelMethodOff</CancelMethod>
        <Callback />
        <Parameter1>operand1</Parameter1>
        <Parameter2 />
        <Parameter3 />
        <Prioriteit>0</Prioriteit>
        <RingTime>0</RingTime>
        <TypeDeelnemer>eTypeGroupExtended</TypeDeelnemer>
        <PPQ>false</PPQ>
        <Vibrator>false</Vibrator>
        <DisplayTime>0</DisplayTime>
        <DeleteCalls>false</DeleteCalls>
      </Deelnemer>
      <Deelnemer>
        <Naam>debug("MOVMA " + processor.operand1)</Naam>
        <Bericht />
        <Bestemming>9000</Bestemming>
        <NumBericht />
        <CancelMethod>CancelMethodOff</CancelMethod>
        <Callback />
        <Parameter1>MOVMA &amp;[GETVAR]processor,operand1]</Parameter1>
        <Parameter2 />
        <Parameter3 />
        <Prioriteit>0</Prioriteit>
        <RingTime>0</RingTime>
        <TypeDeelnemer>eTypeGroupExtended</TypeDeelnemer>
        <PPQ>false</PPQ>
        <Vibrator>false</Vibrator>
        <DisplayTime>0</DisplayTime>
        <DeleteCalls>false</DeleteCalls>
      </Deelnemer>
      <Deelnemer>
        <Naam>setRegisterFromMemory(destination, processor.operand1)</Naam>
        <Bericht />
        <Bestemming>108</Bestemming>
        <NumBericht />
        <CancelMethod>CancelMethodOff</CancelMethod>
        <Callback />
        <Parameter1>a</Parameter1>
        <Parameter2>&amp;[GETVAR]processor,operand1]</Parameter2>
        <Parameter3 />
        <Prioriteit>0</Prioriteit>
        <RingTime>0</RingTime>
        <TypeDeelnemer>eTypeGroupExtended</TypeDeelnemer>
        <PPQ>false</PPQ>
        <Vibrator>false</Vibrator>
        <DisplayTime>0</DisplayTime>
        <DeleteCalls>false</DeleteCalls>
      </Deelnemer>
      <Deelnemer>
        <Naam>incVolatilePCandStep()</Naam>
        <Bestemming>103</Bestemming>
        <CancelMethod>CancelMethodOff</CancelMethod>
        <Prioriteit>0</Prioriteit>
        <RingTime>0</RingTime>
        <TypeDeelnemer>eTypeGroepBericht</TypeDeelnemer>
        <PPQ>false</PPQ>
        <Vibrator>false</Vibrator>
        <DisplayTime>0</DisplayTime>
        <DeleteCalls>false</DeleteCalls>
      </Deelnemer>
    </Deelnemers>
  </clsGroep>
  <clsGroep>
    <GroepID>1040</GroepID>
    <GroepNaam>instrMOVAM()</GroepNaam>
    <NetrixWEB>false</NetrixWEB>
    <Deelnemers>
      <Deelnemer>
        <Naam>setVolatilePC()</Naam>
        <Bestemming>104</Bestemming>
        <CancelMethod>CancelMethodOff</CancelMethod>
        <Prioriteit>0</Prioriteit>
        <RingTime>0</RingTime>
        <TypeDeelnemer>eTypeGroepBericht</TypeDeelnemer>
        <PPQ>false</PPQ>
        <Vibrator>false</Vibrator>
        <DisplayTime>0</DisplayTime>
        <DeleteCalls>false</DeleteCalls>
      </Deelnemer>
      <Deelnemer>
        <Naam>setVolatileOperand(operand1)</Naam>
        <Bericht />
        <Bestemming>107</Bestemming>
        <NumBericht />
        <CancelMethod>CancelMethodOff</CancelMethod>
        <Callback />
        <Parameter1>operand1</Parameter1>
        <Parameter2 />
        <Parameter3 />
        <Prioriteit>0</Prioriteit>
        <RingTime>0</RingTime>
        <TypeDeelnemer>eTypeGroupExtended</TypeDeelnemer>
        <PPQ>false</PPQ>
        <Vibrator>false</Vibrator>
        <DisplayTime>0</DisplayTime>
        <DeleteCalls>false</DeleteCalls>
      </Deelnemer>
      <Deelnemer>
        <Naam>debug("MOVAM " + processor.operand1)</Naam>
        <Bericht />
        <Bestemming>9000</Bestemming>
        <NumBericht />
        <CancelMethod>CancelMethodOff</CancelMethod>
        <Callback />
        <Parameter1>MOVAM &amp;[GETVAR]processor,operand1]</Parameter1>
        <Parameter2 />
        <Parameter3 />
        <Prioriteit>0</Prioriteit>
        <RingTime>0</RingTime>
        <TypeDeelnemer>eTypeGroupExtended</TypeDeelnemer>
        <PPQ>false</PPQ>
        <Vibrator>false</Vibrator>
        <DisplayTime>0</DisplayTime>
        <DeleteCalls>false</DeleteCalls>
      </Deelnemer>
      <Deelnemer>
        <Naam>setRegisterFromMemory(destination, processor.operand1)</Naam>
        <Bericht />
        <Bestemming>109</Bestemming>
        <NumBericht />
        <CancelMethod>CancelMethodOff</CancelMethod>
        <Callback />
        <Parameter1>&amp;[GETVAR]processor,operand1]</Parameter1>
        <Parameter2>&amp;[GETVAR]register,a]</Parameter2>
        <Parameter3 />
        <Prioriteit>0</Prioriteit>
        <RingTime>0</RingTime>
        <TypeDeelnemer>eTypeGroupExtended</TypeDeelnemer>
        <PPQ>false</PPQ>
        <Vibrator>false</Vibrator>
        <DisplayTime>0</DisplayTime>
        <DeleteCalls>false</DeleteCalls>
      </Deelnemer>
      <Deelnemer>
        <Naam>incVolatilePCandStep()</Naam>
        <Bestemming>103</Bestemming>
        <CancelMethod>CancelMethodOff</CancelMethod>
        <Prioriteit>0</Prioriteit>
        <RingTime>0</RingTime>
        <TypeDeelnemer>eTypeGroepBericht</TypeDeelnemer>
        <PPQ>false</PPQ>
        <Vibrator>false</Vibrator>
        <DisplayTime>0</DisplayTime>
        <DeleteCalls>false</DeleteCalls>
      </Deelnemer>
    </Deelnemers>
  </clsGroep>
  <clsGroep>
    <GroepID>1050</GroepID>
    <GroepNaam>instrMOVIA()</GroepNaam>
    <NetrixWEB>false</NetrixWEB>
    <Deelnemers>
      <Deelnemer>
        <Naam>setVolatilePC()</Naam>
        <Bestemming>104</Bestemming>
        <CancelMethod>CancelMethodOff</CancelMethod>
        <Prioriteit>0</Prioriteit>
        <RingTime>0</RingTime>
        <TypeDeelnemer>eTypeGroepBericht</TypeDeelnemer>
        <PPQ>false</PPQ>
        <Vibrator>false</Vibrator>
        <DisplayTime>0</DisplayTime>
        <DeleteCalls>false</DeleteCalls>
      </Deelnemer>
      <Deelnemer>
        <Naam>setVolatileOperand(operand1)</Naam>
        <Bericht />
        <Bestemming>107</Bestemming>
        <NumBericht />
        <CancelMethod>CancelMethodOff</CancelMethod>
        <Callback />
        <Parameter1>operand1</Parameter1>
        <Parameter2 />
        <Parameter3 />
        <Prioriteit>0</Prioriteit>
        <RingTime>0</RingTime>
        <TypeDeelnemer>eTypeGroupExtended</TypeDeelnemer>
        <PPQ>false</PPQ>
        <Vibrator>false</Vibrator>
        <DisplayTime>0</DisplayTime>
        <DeleteCalls>false</DeleteCalls>
      </Deelnemer>
      <Deelnemer>
        <Naam>debug("MOVIA " + processor.operand1)</Naam>
        <Bericht />
        <Bestemming>9000</Bestemming>
        <NumBericht />
        <CancelMethod>CancelMethodOff</CancelMethod>
        <Callback />
        <Parameter1>MOVIA &amp;[GETVAR]processor,operand1]</Parameter1>
        <Parameter2 />
        <Parameter3 />
        <Prioriteit>0</Prioriteit>
        <RingTime>0</RingTime>
        <TypeDeelnemer>eTypeGroupExtended</TypeDeelnemer>
        <PPQ>false</PPQ>
        <Vibrator>false</Vibrator>
        <DisplayTime>0</DisplayTime>
        <DeleteCalls>false</DeleteCalls>
      </Deelnemer>
      <Deelnemer>
        <Naam>register.a = processor.operand1</Naam>
        <Bericht>register</Bericht>
        <Bestemming>0</Bestemming>
        <NumBericht>a</NumBericht>
        <CancelMethod>CancelMethodOff</CancelMethod>
        <Callback>&amp;[GETVAR]processor,operand1]</Callback>
        <Prioriteit>0</Prioriteit>
        <RingTime>0</RingTime>
        <TypeDeelnemer>eTypeConversionTable</TypeDeelnemer>
        <PPQ>false</PPQ>
        <Vibrator>false</Vibrator>
        <DisplayTime>0</DisplayTime>
        <DeleteCalls>false</DeleteCalls>
      </Deelnemer>
      <Deelnemer>
        <Naam>incVolatilePCandStep()</Naam>
        <Bestemming>103</Bestemming>
        <CancelMethod>CancelMethodOff</CancelMethod>
        <Prioriteit>0</Prioriteit>
        <RingTime>0</RingTime>
        <TypeDeelnemer>eTypeGroepBericht</TypeDeelnemer>
        <PPQ>false</PPQ>
        <Vibrator>false</Vibrator>
        <DisplayTime>0</DisplayTime>
        <DeleteCalls>false</DeleteCalls>
      </Deelnemer>
    </Deelnemers>
  </clsGroep>
  <clsGroep>
    <GroepID>1060</GroepID>
    <GroepNaam>instrDECA()</GroepNaam>
    <NetrixWEB>false</NetrixWEB>
    <Deelnemers>
      <Deelnemer>
        <Naam>setVolatilePC()</Naam>
        <Bestemming>104</Bestemming>
        <CancelMethod>CancelMethodOff</CancelMethod>
        <Prioriteit>0</Prioriteit>
        <RingTime>0</RingTime>
        <TypeDeelnemer>eTypeGroepBericht</TypeDeelnemer>
        <PPQ>false</PPQ>
        <Vibrator>false</Vibrator>
        <DisplayTime>0</DisplayTime>
        <DeleteCalls>false</DeleteCalls>
      </Deelnemer>
      <Deelnemer>
        <Naam>debug("DECA")</Naam>
        <Bericht />
        <Bestemming>9000</Bestemming>
        <NumBericht />
        <CancelMethod>CancelMethodOff</CancelMethod>
        <Callback />
        <Parameter1>DECA</Parameter1>
        <Parameter2 />
        <Parameter3 />
        <Prioriteit>0</Prioriteit>
        <RingTime>0</RingTime>
        <TypeDeelnemer>eTypeGroupExtended</TypeDeelnemer>
        <PPQ>false</PPQ>
        <Vibrator>false</Vibrator>
        <DisplayTime>0</DisplayTime>
        <DeleteCalls>false</DeleteCalls>
      </Deelnemer>
      <Deelnemer>
        <Naam>instrDECA-decr(register.a)</Naam>
        <Bericht />
        <Bestemming>1061</Bestemming>
        <NumBericht />
        <CancelMethod>CancelMethodOff</CancelMethod>
        <Callback />
        <Parameter1>&amp;[GETVAR]register,a]</Parameter1>
        <Parameter2 />
        <Parameter3 />
        <Prioriteit>0</Prioriteit>
        <RingTime>0</RingTime>
        <TypeDeelnemer>eTypeGroupExtended</TypeDeelnemer>
        <PPQ>false</PPQ>
        <Vibrator>false</Vibrator>
        <DisplayTime>0</DisplayTime>
        <DeleteCalls>false</DeleteCalls>
      </Deelnemer>
      <Deelnemer>
        <Naam>testZero(register.a)</Naam>
        <Bericht />
        <Bestemming>110</Bestemming>
        <NumBericht />
        <CancelMethod>CancelMethodOff</CancelMethod>
        <Callback />
        <Parameter1>&amp;[GETVAR]register,a]</Parameter1>
        <Parameter2 />
        <Parameter3 />
        <Prioriteit>0</Prioriteit>
        <RingTime>0</RingTime>
        <TypeDeelnemer>eTypeGroupExtended</TypeDeelnemer>
        <PPQ>false</PPQ>
        <Vibrator>false</Vibrator>
        <DisplayTime>0</DisplayTime>
        <DeleteCalls>false</DeleteCalls>
      </Deelnemer>
      <Deelnemer>
        <Naam>incVolatilePCandStep()</Naam>
        <Bestemming>103</Bestemming>
        <CancelMethod>CancelMethodOff</CancelMethod>
        <Prioriteit>0</Prioriteit>
        <RingTime>0</RingTime>
        <TypeDeelnemer>eTypeGroepBericht</TypeDeelnemer>
        <PPQ>false</PPQ>
        <Vibrator>false</Vibrator>
        <DisplayTime>0</DisplayTime>
        <DeleteCalls>false</DeleteCalls>
      </Deelnemer>
    </Deelnemers>
  </clsGroep>
  <clsGroep>
    <GroepID>1061</GroepID>
    <GroepNaam>instrDECA-decr(value)</GroepNaam>
    <NetrixWEB>false</NetrixWEB>
    <Deelnemers>
      <Deelnemer>
        <Naam>register.a = diff1_reverse[value]</Naam>
        <Bericht>register</Bericht>
        <Bestemming>0</Bestemming>
        <NumBericht>a</NumBericht>
        <CancelMethod>CancelMethodOff</CancelMethod>
        <Callback>&amp;[MSG1CS]diff1]</Callback>
        <Prioriteit>0</Prioriteit>
        <RingTime>0</RingTime>
        <TypeDeelnemer>eTypeConversionTable</TypeDeelnemer>
        <PPQ>false</PPQ>
        <Vibrator>false</Vibrator>
        <DisplayTime>0</DisplayTime>
        <DeleteCalls>false</DeleteCalls>
      </Deelnemer>
    </Deelnemers>
  </clsGroep>
  <clsGroep>
    <GroepID>1070</GroepID>
    <GroepNaam>instrJMPZ()</GroepNaam>
    <NetrixWEB>false</NetrixWEB>
    <Deelnemers>
      <Deelnemer>
        <Naam>setVolatilePC()</Naam>
        <Bestemming>104</Bestemming>
        <CancelMethod>CancelMethodOff</CancelMethod>
        <Prioriteit>0</Prioriteit>
        <RingTime>0</RingTime>
        <TypeDeelnemer>eTypeGroepBericht</TypeDeelnemer>
        <PPQ>false</PPQ>
        <Vibrator>false</Vibrator>
        <DisplayTime>0</DisplayTime>
        <DeleteCalls>false</DeleteCalls>
      </Deelnemer>
      <Deelnemer>
        <Naam>setVolatileOperand(operand1)</Naam>
        <Bericht />
        <Bestemming>107</Bestemming>
        <NumBericht />
        <CancelMethod>CancelMethodOff</CancelMethod>
        <Callback />
        <Parameter1>operand1</Parameter1>
        <Parameter2 />
        <Parameter3 />
        <Prioriteit>0</Prioriteit>
        <RingTime>0</RingTime>
        <TypeDeelnemer>eTypeGroupExtended</TypeDeelnemer>
        <PPQ>false</PPQ>
        <Vibrator>false</Vibrator>
        <DisplayTime>0</DisplayTime>
        <DeleteCalls>false</DeleteCalls>
      </Deelnemer>
      <Deelnemer>
        <Naam>instrJMPZ-test(register.zero)</Naam>
        <Bericht />
        <Bestemming>1071</Bestemming>
        <NumBericht />
        <CancelMethod>CancelMethodOff</CancelMethod>
        <Callback />
        <Parameter1>&amp;[GETVAR]register,zero]</Parameter1>
        <Parameter2 />
        <Parameter3 />
        <Prioriteit>0</Prioriteit>
        <RingTime>0</RingTime>
        <TypeDeelnemer>eTypeGroupExtended</TypeDeelnemer>
        <PPQ>false</PPQ>
        <Vibrator>false</Vibrator>
        <DisplayTime>0</DisplayTime>
        <DeleteCalls>false</DeleteCalls>
      </Deelnemer>
    </Deelnemers>
  </clsGroep>
  <clsGroep>
    <GroepID>1071</GroepID>
    <GroepNaam>instrJMPZ-test(zeroflag)</GroepNaam>
    <NetrixWEB>false</NetrixWEB>
    <Deelnemers>
      <Deelnemer>
        <Naam>jmpz-boolean[zeroflag]()</Naam>
        <Bestemming>&amp;[MSG1C]jmpz-boolean]</Bestemming>
        <CancelMethod>CancelMethodOff</CancelMethod>
        <Prioriteit>0</Prioriteit>
        <RingTime>0</RingTime>
        <TypeDeelnemer>eTypeGroepBericht</TypeDeelnemer>
        <PPQ>false</PPQ>
        <Vibrator>false</Vibrator>
        <DisplayTime>0</DisplayTime>
        <DeleteCalls>false</DeleteCalls>
      </Deelnemer>
    </Deelnemers>
  </clsGroep>
  <clsGroep>
    <GroepID>1072</GroepID>
    <GroepNaam>instrJMPZ-true()</GroepNaam>
    <NetrixWEB>false</NetrixWEB>
    <Deelnemers>
      <Deelnemer>
        <Naam>debug("JMPZ true " + processor.operand1)</Naam>
        <Bericht />
        <Bestemming>9000</Bestemming>
        <NumBericht />
        <CancelMethod>CancelMethodOff</CancelMethod>
        <Callback />
        <Parameter1>JMPZ true &amp;[GETVAR]processor,operand1]</Parameter1>
        <Parameter2 />
        <Parameter3 />
        <Prioriteit>0</Prioriteit>
        <RingTime>0</RingTime>
        <TypeDeelnemer>eTypeGroupExtended</TypeDeelnemer>
        <PPQ>false</PPQ>
        <Vibrator>false</Vibrator>
        <DisplayTime>0</DisplayTime>
        <DeleteCalls>false</DeleteCalls>
      </Deelnemer>
      <Deelnemer>
        <Naam>register.pc = processor.operand1</Naam>
        <Bericht>register</Bericht>
        <Bestemming>0</Bestemming>
        <NumBericht>pc</NumBericht>
        <CancelMethod>CancelMethodOff</CancelMethod>
        <Callback>&amp;[GETVAR]processor,operand1]</Callback>
        <Prioriteit>0</Prioriteit>
        <RingTime>0</RingTime>
        <TypeDeelnemer>eTypeConversionTable</TypeDeelnemer>
        <PPQ>false</PPQ>
        <Vibrator>false</Vibrator>
        <DisplayTime>0</DisplayTime>
        <DeleteCalls>false</DeleteCalls>
      </Deelnemer>
      <Deelnemer>
        <Naam>tickCPU()</Naam>
        <Bestemming>111</Bestemming>
        <CancelMethod>CancelMethodOff</CancelMethod>
        <Prioriteit>0</Prioriteit>
        <RingTime>0</RingTime>
        <TypeDeelnemer>eTypeGroepBericht</TypeDeelnemer>
        <PPQ>false</PPQ>
        <Vibrator>false</Vibrator>
        <DisplayTime>0</DisplayTime>
        <DeleteCalls>false</DeleteCalls>
      </Deelnemer>
    </Deelnemers>
  </clsGroep>
  <clsGroep>
    <GroepID>1073</GroepID>
    <GroepNaam>instrJMPZ-false()</GroepNaam>
    <NetrixWEB>false</NetrixWEB>
    <Deelnemers>
      <Deelnemer>
        <Naam>debug("JMPZ false")</Naam>
        <Bericht />
        <Bestemming>9000</Bestemming>
        <NumBericht />
        <CancelMethod>CancelMethodOff</CancelMethod>
        <Callback />
        <Parameter1>JMPZ false</Parameter1>
        <Parameter2 />
        <Parameter3 />
        <Prioriteit>0</Prioriteit>
        <RingTime>0</RingTime>
        <TypeDeelnemer>eTypeGroupExtended</TypeDeelnemer>
        <PPQ>false</PPQ>
        <Vibrator>false</Vibrator>
        <DisplayTime>0</DisplayTime>
        <DeleteCalls>false</DeleteCalls>
      </Deelnemer>
      <Deelnemer>
        <Naam>incVolatilePCandStep()</Naam>
        <Bestemming>103</Bestemming>
        <CancelMethod>CancelMethodOff</CancelMethod>
        <Prioriteit>0</Prioriteit>
        <RingTime>0</RingTime>
        <TypeDeelnemer>eTypeGroepBericht</TypeDeelnemer>
        <PPQ>false</PPQ>
        <Vibrator>false</Vibrator>
        <DisplayTime>0</DisplayTime>
        <DeleteCalls>false</DeleteCalls>
      </Deelnemer>
    </Deelnemers>
  </clsGroep>
  <clsGroep>
    <GroepID>9000</GroepID>
    <GroepNaam>debug(MSG1)</GroepNaam>
    <NetrixWEB>false</NetrixWEB>
    <Deelnemers>
      <Deelnemer>
        <Naam>print(MSG1)</Naam>
        <Bericht>&amp;[MSG1]</Bericht>
        <CancelMethod>CancelMethodOff</CancelMethod>
        <Prioriteit>0</Prioriteit>
        <RingTime>0</RingTime>
        <TypeDeelnemer>eTypeDebug</TypeDeelnemer>
        <PPQ>false</PPQ>
        <Vibrator>false</Vibrator>
        <DisplayTime>0</DisplayTime>
        <DeleteCalls>false</DeleteCalls>
      </Deelnemer>
    </Deelnemers>
  </clsGroep>
</ArrayOfClsGroep>