<?xml version="1.0" encoding="utf-8"?>
<ArrayOfClsVertalingLijst xmlns:xsi="http://www.w3.org/2001/XMLSchema-instance" xmlns:xsd="http://www.w3.org/2001/XMLSchema">
  <clsVertalingLijst>
    <LijstID>memory</LijstID>
    <OrgTitel>address</OrgTitel>
    <ConvTitel>content</ConvTitel>
    <TypeCall>1</TypeCall>
    <Periode />
    <NetrixWEB>false</NetrixWEB>
    <NetrixWebLockColumn>false</NetrixWebLockColumn>
    <NetrixWebPreventErase>false</NetrixWebPreventErase>
    <ICALL>false</ICALL>
    <Vertalingen>
      <Vertaling>
        <Oorspronkelijk>0</Oorspronkelijk>
        <Translatie>MOVMA</Translatie>
      </Vertaling>
      <Vertaling>
        <Oorspronkelijk>1</Oorspronkelijk>
        <Translatie>10</Translatie>
      </Vertaling>
      <Vertaling>
        <Oorspronkelijk>2</Oorspronkelijk>
        <Translatie>DECA</Translatie>
      </Vertaling>
      <Vertaling>
        <Oorspronkelijk>3</Oorspronkelijk>
        <Translatie>JMPZ</Translatie>
      </Vertaling>
      <Vertaling>
        <Oorspronkelijk>4</Oorspronkelijk>
        <Translatie>7</Translatie>
      </Vertaling>
      <Vertaling>
        <Oorspronkelijk>5</Oorspronkelijk>
        <Translatie>JMP</Translatie>
      </Vertaling>
      <Vertaling>
        <Oorspronkelijk>6</Oorspronkelijk>
        <Translatie>2</Translatie>
      </Vertaling>
      <Vertaling>
        <Oorspronkelijk>7</Oorspronkelijk>
        <Translatie>HLT</Translatie>
      </Vertaling>
      <Vertaling>
        <Oorspronkelijk>10</Oorspronkelijk>
        <Translatie>255</Translatie>
      </Vertaling>
    </Vertalingen>
  </clsVertalingLijst>
  <clsVertalingLijst>
    <LijstID>register</LijstID>
    <OrgTitel>name</OrgTitel>
    <ConvTitel>value</ConvTitel>
    <TypeCall>1</TypeCall>
    <Periode />
    <NetrixWEB>false</NetrixWEB>
    <NetrixWebLockColumn>false</NetrixWebLockColumn>
    <NetrixWebPreventErase>false</NetrixWebPreventErase>
    <ICALL>false</ICALL>
    <Vertalingen>
      <Vertaling>
        <Oorspronkelijk>a</Oorspronkelijk>
        <Translatie>0</Translatie>
      </Vertaling>
      <Vertaling>
        <Oorspronkelijk>zero</Oorspronkelijk>
        <Translatie>true</Translatie>
      </Vertaling>
      <Vertaling>
        <Oorspronkelijk>pc</Oorspronkelijk>
        <Translatie>7</Translatie>
      </Vertaling>
    </Vertalingen>
  </clsVertalingLijst>
  <clsVertalingLijst>
    <LijstID>processor</LijstID>
    <OrgTitel>name</OrgTitel>
    <ConvTitel>value</ConvTitel>
    <TypeCall>1</TypeCall>
    <Periode />
    <NetrixWEB>false</NetrixWEB>
    <NetrixWebLockColumn>false</NetrixWebLockColumn>
    <NetrixWebPreventErase>false</NetrixWebPreventErase>
    <ICALL>false</ICALL>
    <Vertalingen>
      <Vertaling>
        <Oorspronkelijk>pc</Oorspronkelijk>
        <Translatie>4</Translatie>
      </Vertaling>
      <Vertaling>
        <Oorspronkelijk>operand1</Oorspronkelijk>
        <Translatie>7</Translatie>
      </Vertaling>
      <Vertaling>
        <Oorspronkelijk>instr</Oorspronkelijk>
        <Translatie>HLT</Translatie>
      </Vertaling>
    </Vertalingen>
  </clsVertalingLijst>
  <clsVertalingLijst>
    <LijstID>instructions</LijstID>
    <OrgTitel>mnemonic</OrgTitel>
    <ConvTitel>group</ConvTitel>
    <TypeCall>1</TypeCall>
    <Periode />
    <NetrixWEB>false</NetrixWEB>
    <NetrixWebLockColumn>false</NetrixWebLockColumn>
    <NetrixWebPreventErase>false</NetrixWebPreventErase>
    <ICALL>false</ICALL>
    <Vertalingen>
      <Vertaling>
        <Oorspronkelijk>NOP</Oorspronkelijk>
        <Translatie>1000</Translatie>
      </Vertaling>
      <Vertaling>
        <Oorspronkelijk>HLT</Oorspronkelijk>
        <Translatie>1010</Translatie>
      </Vertaling>
      <Vertaling>
        <Oorspronkelijk>JMP</Oorspronkelijk>
        <Translatie>1020</Translatie>
      </Vertaling>
      <Vertaling>
        <Oorspronkelijk>MOVMA</Oorspronkelijk>
        <Translatie>1030</Translatie>
      </Vertaling>
      <Vertaling>
        <Oorspronkelijk>MOVAM</Oorspronkelijk>
        <Translatie>1040</Translatie>
      </Vertaling>
      <Vertaling>
        <Oorspronkelijk>MOVIA</Oorspronkelijk>
        <Translatie>1050</Translatie>
      </Vertaling>
      <Vertaling>
        <Oorspronkelijk>DECA</Oorspronkelijk>
        <Translatie>1060</Translatie>
      </Vertaling>
      <Vertaling>
        <Oorspronkelijk>JMPZ</Oorspronkelijk>
        <Translatie>1070</Translatie>
      </Vertaling>
    </Vertalingen>
  </clsVertalingLijst>
  <clsVertalingLijst>
    <LijstID>diff1</LijstID>
    <OrgTitel>number</OrgTitel>
    <ConvTitel>+1</ConvTitel>
    <TypeCall>1</TypeCall>
    <Periode />
    <NetrixWEB>false</NetrixWEB>
    <NetrixWebLockColumn>false</NetrixWebLockColumn>
    <NetrixWebPreventErase>false</NetrixWebPreventErase>
    <ICALL>false</ICALL>
    <Vertalingen>
      <Vertaling>
        <Oorspronkelijk>0</Oorspronkelijk>
        <Translatie>1</Translatie>
      </Vertaling>
      <Vertaling>
        <Oorspronkelijk>1</Oorspronkelijk>
        <Translatie>2</Translatie>
      </Vertaling>
      <Vertaling>
        <Oorspronkelijk>2</Oorspronkelijk>
        <Translatie>3</Translatie>
      </Vertaling>
      <Vertaling>
        <Oorspronkelijk>3</Oorspronkelijk>
        <Translatie>4</Translatie>
      </Vertaling>
      <Vertaling>
        <Oorspronkelijk>4</Oorspronkelijk>
        <Translatie>5</Translatie>
      </Vertaling>
      <Vertaling>
        <Oorspronkelijk>5</Oorspronkelijk>
        <Translatie>6</Translatie>
      </Vertaling>
      <Vertaling>
        <Oorspronkelijk>6</Oorspronkelijk>
        <Translatie>7</Translatie>
      </Vertaling>
      <Vertaling>
        <Oorspronkelijk>7</Oorspronkelijk>
        <Translatie>8</Translatie>
      </Vertaling>
      <Vertaling>
        <Oorspronkelijk>8</Oorspronkelijk>
        <Translatie>9</Translatie>
      </Vertaling>
      <Vertaling>
        <Oorspronkelijk>9</Oorspronkelijk>
        <Translatie>10</Translatie>
      </Vertaling>
      <Vertaling>
        <Oorspronkelijk>10</Oorspronkelijk>
        <Translatie>11</Translatie>
      </Vertaling>
      <Vertaling>
        <Oorspronkelijk>11</Oorspronkelijk>
        <Translatie>12</Translatie>
      </Vertaling>
      <Vertaling>
        <Oorspronkelijk>12</Oorspronkelijk>
        <Translatie>13</Translatie>
      </Vertaling>
      <Vertaling>
        <Oorspronkelijk>13</Oorspronkelijk>
        <Translatie>14</Translatie>
      </Vertaling>
      <Vertaling>
        <Oorspronkelijk>14</Oorspronkelijk>
        <Translatie>15</Translatie>
      </Vertaling>
      <Vertaling>
        <Oorspronkelijk>15</Oorspronkelijk>
        <Translatie>16</Translatie>
      </Vertaling>
      <Vertaling>
        <Oorspronkelijk>16</Oorspronkelijk>
        <Translatie>17</Translatie>
      </Vertaling>
      <Vertaling>
        <Oorspronkelijk>17</Oorspronkelijk>
        <Translatie>18</Translatie>
      </Vertaling>
      <Vertaling>
        <Oorspronkelijk>18</Oorspronkelijk>
        <Translatie>19</Translatie>
      </Vertaling>
      <Vertaling>
        <Oorspronkelijk>19</Oorspronkelijk>
        <Translatie>20</Translatie>
      </Vertaling>
      <Vertaling>
        <Oorspronkelijk>20</Oorspronkelijk>
        <Translatie>21</Translatie>
      </Vertaling>
      <Vertaling>
        <Oorspronkelijk>21</Oorspronkelijk>
        <Translatie>22</Translatie>
      </Vertaling>
      <Vertaling>
        <Oorspronkelijk>22</Oorspronkelijk>
        <Translatie>23</Translatie>
      </Vertaling>
      <Vertaling>
        <Oorspronkelijk>23</Oorspronkelijk>
        <Translatie>24</Translatie>
      </Vertaling>
      <Vertaling>
        <Oorspronkelijk>24</Oorspronkelijk>
        <Translatie>25</Translatie>
      </Vertaling>
      <Vertaling>
        <Oorspronkelijk>25</Oorspronkelijk>
        <Translatie>26</Translatie>
      </Vertaling>
      <Vertaling>
        <Oorspronkelijk>26</Oorspronkelijk>
        <Translatie>27</Translatie>
      </Vertaling>
      <Vertaling>
        <Oorspronkelijk>27</Oorspronkelijk>
        <Translatie>28</Translatie>
      </Vertaling>
      <Vertaling>
        <Oorspronkelijk>28</Oorspronkelijk>
        <Translatie>29</Translatie>
      </Vertaling>
      <Vertaling>
        <Oorspronkelijk>29</Oorspronkelijk>
        <Translatie>30</Translatie>
      </Vertaling>
      <Vertaling>
        <Oorspronkelijk>30</Oorspronkelijk>
        <Translatie>31</Translatie>
      </Vertaling>
      <Vertaling>
        <Oorspronkelijk>31</Oorspronkelijk>
        <Translatie>32</Translatie>
      </Vertaling>
      <Vertaling>
        <Oorspronkelijk>32</Oorspronkelijk>
        <Translatie>33</Translatie>
      </Vertaling>
      <Vertaling>
        <Oorspronkelijk>33</Oorspronkelijk>
        <Translatie>34</Translatie>
      </Vertaling>
      <Vertaling>
        <Oorspronkelijk>34</Oorspronkelijk>
        <Translatie>35</Translatie>
      </Vertaling>
      <Vertaling>
        <Oorspronkelijk>35</Oorspronkelijk>
        <Translatie>36</Translatie>
      </Vertaling>
      <Vertaling>
        <Oorspronkelijk>36</Oorspronkelijk>
        <Translatie>37</Translatie>
      </Vertaling>
      <Vertaling>
        <Oorspronkelijk>37</Oorspronkelijk>
        <Translatie>38</Translatie>
      </Vertaling>
      <Vertaling>
        <Oorspronkelijk>38</Oorspronkelijk>
        <Translatie>39</Translatie>
      </Vertaling>
      <Vertaling>
        <Oorspronkelijk>39</Oorspronkelijk>
        <Translatie>40</Translatie>
      </Vertaling>
      <Vertaling>
        <Oorspronkelijk>40</Oorspronkelijk>
        <Translatie>41</Translatie>
      </Vertaling>
      <Vertaling>
        <Oorspronkelijk>41</Oorspronkelijk>
        <Translatie>42</Translatie>
      </Vertaling>
      <Vertaling>
        <Oorspronkelijk>42</Oorspronkelijk>
        <Translatie>43</Translatie>
      </Vertaling>
      <Vertaling>
        <Oorspronkelijk>43</Oorspronkelijk>
        <Translatie>44</Translatie>
      </Vertaling>
      <Vertaling>
        <Oorspronkelijk>44</Oorspronkelijk>
        <Translatie>45</Translatie>
      </Vertaling>
      <Vertaling>
        <Oorspronkelijk>45</Oorspronkelijk>
        <Translatie>46</Translatie>
      </Vertaling>
      <Vertaling>
        <Oorspronkelijk>46</Oorspronkelijk>
        <Translatie>47</Translatie>
      </Vertaling>
      <Vertaling>
        <Oorspronkelijk>47</Oorspronkelijk>
        <Translatie>48</Translatie>
      </Vertaling>
      <Vertaling>
        <Oorspronkelijk>48</Oorspronkelijk>
        <Translatie>49</Translatie>
      </Vertaling>
      <Vertaling>
        <Oorspronkelijk>49</Oorspronkelijk>
        <Translatie>50</Translatie>
      </Vertaling>
      <Vertaling>
        <Oorspronkelijk>50</Oorspronkelijk>
        <Translatie>51</Translatie>
      </Vertaling>
      <Vertaling>
        <Oorspronkelijk>51</Oorspronkelijk>
        <Translatie>52</Translatie>
      </Vertaling>
      <Vertaling>
        <Oorspronkelijk>52</Oorspronkelijk>
        <Translatie>53</Translatie>
      </Vertaling>
      <Vertaling>
        <Oorspronkelijk>53</Oorspronkelijk>
        <Translatie>54</Translatie>
      </Vertaling>
      <Vertaling>
        <Oorspronkelijk>54</Oorspronkelijk>
        <Translatie>55</Translatie>
      </Vertaling>
      <Vertaling>
        <Oorspronkelijk>55</Oorspronkelijk>
        <Translatie>56</Translatie>
      </Vertaling>
      <Vertaling>
        <Oorspronkelijk>56</Oorspronkelijk>
        <Translatie>57</Translatie>
      </Vertaling>
      <Vertaling>
        <Oorspronkelijk>57</Oorspronkelijk>
        <Translatie>58</Translatie>
      </Vertaling>
      <Vertaling>
        <Oorspronkelijk>58</Oorspronkelijk>
        <Translatie>59</Translatie>
      </Vertaling>
      <Vertaling>
        <Oorspronkelijk>59</Oorspronkelijk>
        <Translatie>60</Translatie>
      </Vertaling>
      <Vertaling>
        <Oorspronkelijk>60</Oorspronkelijk>
        <Translatie>61</Translatie>
      </Vertaling>
      <Vertaling>
        <Oorspronkelijk>61</Oorspronkelijk>
        <Translatie>62</Translatie>
      </Vertaling>
      <Vertaling>
        <Oorspronkelijk>62</Oorspronkelijk>
        <Translatie>63</Translatie>
      </Vertaling>
      <Vertaling>
        <Oorspronkelijk>63</Oorspronkelijk>
        <Translatie>64</Translatie>
      </Vertaling>
      <Vertaling>
        <Oorspronkelijk>64</Oorspronkelijk>
        <Translatie>65</Translatie>
      </Vertaling>
      <Vertaling>
        <Oorspronkelijk>65</Oorspronkelijk>
        <Translatie>66</Translatie>
      </Vertaling>
      <Vertaling>
        <Oorspronkelijk>66</Oorspronkelijk>
        <Translatie>67</Translatie>
      </Vertaling>
      <Vertaling>
        <Oorspronkelijk>67</Oorspronkelijk>
        <Translatie>68</Translatie>
      </Vertaling>
      <Vertaling>
        <Oorspronkelijk>68</Oorspronkelijk>
        <Translatie>69</Translatie>
      </Vertaling>
      <Vertaling>
        <Oorspronkelijk>69</Oorspronkelijk>
        <Translatie>70</Translatie>
      </Vertaling>
      <Vertaling>
        <Oorspronkelijk>70</Oorspronkelijk>
        <Translatie>71</Translatie>
      </Vertaling>
      <Vertaling>
        <Oorspronkelijk>71</Oorspronkelijk>
        <Translatie>72</Translatie>
      </Vertaling>
      <Vertaling>
        <Oorspronkelijk>72</Oorspronkelijk>
        <Translatie>73</Translatie>
      </Vertaling>
      <Vertaling>
        <Oorspronkelijk>73</Oorspronkelijk>
        <Translatie>74</Translatie>
      </Vertaling>
      <Vertaling>
        <Oorspronkelijk>74</Oorspronkelijk>
        <Translatie>75</Translatie>
      </Vertaling>
      <Vertaling>
        <Oorspronkelijk>75</Oorspronkelijk>
        <Translatie>76</Translatie>
      </Vertaling>
      <Vertaling>
        <Oorspronkelijk>76</Oorspronkelijk>
        <Translatie>77</Translatie>
      </Vertaling>
      <Vertaling>
        <Oorspronkelijk>77</Oorspronkelijk>
        <Translatie>78</Translatie>
      </Vertaling>
      <Vertaling>
        <Oorspronkelijk>78</Oorspronkelijk>
        <Translatie>79</Translatie>
      </Vertaling>
      <Vertaling>
        <Oorspronkelijk>79</Oorspronkelijk>
        <Translatie>80</Translatie>
      </Vertaling>
      <Vertaling>
        <Oorspronkelijk>80</Oorspronkelijk>
        <Translatie>81</Translatie>
      </Vertaling>
      <Vertaling>
        <Oorspronkelijk>81</Oorspronkelijk>
        <Translatie>82</Translatie>
      </Vertaling>
      <Vertaling>
        <Oorspronkelijk>82</Oorspronkelijk>
        <Translatie>83</Translatie>
      </Vertaling>
      <Vertaling>
        <Oorspronkelijk>83</Oorspronkelijk>
        <Translatie>84</Translatie>
      </Vertaling>
      <Vertaling>
        <Oorspronkelijk>84</Oorspronkelijk>
        <Translatie>85</Translatie>
      </Vertaling>
      <Vertaling>
        <Oorspronkelijk>85</Oorspronkelijk>
        <Translatie>86</Translatie>
      </Vertaling>
      <Vertaling>
        <Oorspronkelijk>86</Oorspronkelijk>
        <Translatie>87</Translatie>
      </Vertaling>
      <Vertaling>
        <Oorspronkelijk>87</Oorspronkelijk>
        <Translatie>88</Translatie>
      </Vertaling>
      <Vertaling>
        <Oorspronkelijk>88</Oorspronkelijk>
        <Translatie>89</Translatie>
      </Vertaling>
      <Vertaling>
        <Oorspronkelijk>89</Oorspronkelijk>
        <Translatie>90</Translatie>
      </Vertaling>
      <Vertaling>
        <Oorspronkelijk>90</Oorspronkelijk>
        <Translatie>91</Translatie>
      </Vertaling>
      <Vertaling>
        <Oorspronkelijk>91</Oorspronkelijk>
        <Translatie>92</Translatie>
      </Vertaling>
      <Vertaling>
        <Oorspronkelijk>92</Oorspronkelijk>
        <Translatie>93</Translatie>
      </Vertaling>
      <Vertaling>
        <Oorspronkelijk>93</Oorspronkelijk>
        <Translatie>94</Translatie>
      </Vertaling>
      <Vertaling>
        <Oorspronkelijk>94</Oorspronkelijk>
        <Translatie>95</Translatie>
      </Vertaling>
      <Vertaling>
        <Oorspronkelijk>95</Oorspronkelijk>
        <Translatie>96</Translatie>
      </Vertaling>
      <Vertaling>
        <Oorspronkelijk>96</Oorspronkelijk>
        <Translatie>97</Translatie>
      </Vertaling>
      <Vertaling>
        <Oorspronkelijk>97</Oorspronkelijk>
        <Translatie>98</Translatie>
      </Vertaling>
      <Vertaling>
        <Oorspronkelijk>98</Oorspronkelijk>
        <Translatie>99</Translatie>
      </Vertaling>
      <Vertaling>
        <Oorspronkelijk>99</Oorspronkelijk>
        <Translatie>100</Translatie>
      </Vertaling>
      <Vertaling>
        <Oorspronkelijk>100</Oorspronkelijk>
        <Translatie>101</Translatie>
      </Vertaling>
      <Vertaling>
        <Oorspronkelijk>101</Oorspronkelijk>
        <Translatie>102</Translatie>
      </Vertaling>
      <Vertaling>
        <Oorspronkelijk>102</Oorspronkelijk>
        <Translatie>103</Translatie>
      </Vertaling>
      <Vertaling>
        <Oorspronkelijk>103</Oorspronkelijk>
        <Translatie>104</Translatie>
      </Vertaling>
      <Vertaling>
        <Oorspronkelijk>104</Oorspronkelijk>
        <Translatie>105</Translatie>
      </Vertaling>
      <Vertaling>
        <Oorspronkelijk>105</Oorspronkelijk>
        <Translatie>106</Translatie>
      </Vertaling>
      <Vertaling>
        <Oorspronkelijk>106</Oorspronkelijk>
        <Translatie>107</Translatie>
      </Vertaling>
      <Vertaling>
        <Oorspronkelijk>107</Oorspronkelijk>
        <Translatie>108</Translatie>
      </Vertaling>
      <Vertaling>
        <Oorspronkelijk>108</Oorspronkelijk>
        <Translatie>109</Translatie>
      </Vertaling>
      <Vertaling>
        <Oorspronkelijk>109</Oorspronkelijk>
        <Translatie>110</Translatie>
      </Vertaling>
      <Vertaling>
        <Oorspronkelijk>110</Oorspronkelijk>
        <Translatie>111</Translatie>
      </Vertaling>
      <Vertaling>
        <Oorspronkelijk>111</Oorspronkelijk>
        <Translatie>112</Translatie>
      </Vertaling>
      <Vertaling>
        <Oorspronkelijk>112</Oorspronkelijk>
        <Translatie>113</Translatie>
      </Vertaling>
      <Vertaling>
        <Oorspronkelijk>113</Oorspronkelijk>
        <Translatie>114</Translatie>
      </Vertaling>
      <Vertaling>
        <Oorspronkelijk>114</Oorspronkelijk>
        <Translatie>115</Translatie>
      </Vertaling>
      <Vertaling>
        <Oorspronkelijk>115</Oorspronkelijk>
        <Translatie>116</Translatie>
      </Vertaling>
      <Vertaling>
        <Oorspronkelijk>116</Oorspronkelijk>
        <Translatie>117</Translatie>
      </Vertaling>
      <Vertaling>
        <Oorspronkelijk>117</Oorspronkelijk>
        <Translatie>118</Translatie>
      </Vertaling>
      <Vertaling>
        <Oorspronkelijk>118</Oorspronkelijk>
        <Translatie>119</Translatie>
      </Vertaling>
      <Vertaling>
        <Oorspronkelijk>119</Oorspronkelijk>
        <Translatie>120</Translatie>
      </Vertaling>
      <Vertaling>
        <Oorspronkelijk>120</Oorspronkelijk>
        <Translatie>121</Translatie>
      </Vertaling>
      <Vertaling>
        <Oorspronkelijk>121</Oorspronkelijk>
        <Translatie>122</Translatie>
      </Vertaling>
      <Vertaling>
        <Oorspronkelijk>122</Oorspronkelijk>
        <Translatie>123</Translatie>
      </Vertaling>
      <Vertaling>
        <Oorspronkelijk>123</Oorspronkelijk>
        <Translatie>124</Translatie>
      </Vertaling>
      <Vertaling>
        <Oorspronkelijk>124</Oorspronkelijk>
        <Translatie>125</Translatie>
      </Vertaling>
      <Vertaling>
        <Oorspronkelijk>125</Oorspronkelijk>
        <Translatie>126</Translatie>
      </Vertaling>
      <Vertaling>
        <Oorspronkelijk>126</Oorspronkelijk>
        <Translatie>127</Translatie>
      </Vertaling>
      <Vertaling>
        <Oorspronkelijk>127</Oorspronkelijk>
        <Translatie>128</Translatie>
      </Vertaling>
      <Vertaling>
        <Oorspronkelijk>128</Oorspronkelijk>
        <Translatie>129</Translatie>
      </Vertaling>
      <Vertaling>
        <Oorspronkelijk>129</Oorspronkelijk>
        <Translatie>130</Translatie>
      </Vertaling>
      <Vertaling>
        <Oorspronkelijk>130</Oorspronkelijk>
        <Translatie>131</Translatie>
      </Vertaling>
      <Vertaling>
        <Oorspronkelijk>131</Oorspronkelijk>
        <Translatie>132</Translatie>
      </Vertaling>
      <Vertaling>
        <Oorspronkelijk>132</Oorspronkelijk>
        <Translatie>133</Translatie>
      </Vertaling>
      <Vertaling>
        <Oorspronkelijk>133</Oorspronkelijk>
        <Translatie>134</Translatie>
      </Vertaling>
      <Vertaling>
        <Oorspronkelijk>134</Oorspronkelijk>
        <Translatie>135</Translatie>
      </Vertaling>
      <Vertaling>
        <Oorspronkelijk>135</Oorspronkelijk>
        <Translatie>136</Translatie>
      </Vertaling>
      <Vertaling>
        <Oorspronkelijk>136</Oorspronkelijk>
        <Translatie>137</Translatie>
      </Vertaling>
      <Vertaling>
        <Oorspronkelijk>137</Oorspronkelijk>
        <Translatie>138</Translatie>
      </Vertaling>
      <Vertaling>
        <Oorspronkelijk>138</Oorspronkelijk>
        <Translatie>139</Translatie>
      </Vertaling>
      <Vertaling>
        <Oorspronkelijk>139</Oorspronkelijk>
        <Translatie>140</Translatie>
      </Vertaling>
      <Vertaling>
        <Oorspronkelijk>140</Oorspronkelijk>
        <Translatie>141</Translatie>
      </Vertaling>
      <Vertaling>
        <Oorspronkelijk>141</Oorspronkelijk>
        <Translatie>142</Translatie>
      </Vertaling>
      <Vertaling>
        <Oorspronkelijk>142</Oorspronkelijk>
        <Translatie>143</Translatie>
      </Vertaling>
      <Vertaling>
        <Oorspronkelijk>143</Oorspronkelijk>
        <Translatie>144</Translatie>
      </Vertaling>
      <Vertaling>
        <Oorspronkelijk>144</Oorspronkelijk>
        <Translatie>145</Translatie>
      </Vertaling>
      <Vertaling>
        <Oorspronkelijk>145</Oorspronkelijk>
        <Translatie>146</Translatie>
      </Vertaling>
      <Vertaling>
        <Oorspronkelijk>146</Oorspronkelijk>
        <Translatie>147</Translatie>
      </Vertaling>
      <Vertaling>
        <Oorspronkelijk>147</Oorspronkelijk>
        <Translatie>148</Translatie>
      </Vertaling>
      <Vertaling>
        <Oorspronkelijk>148</Oorspronkelijk>
        <Translatie>149</Translatie>
      </Vertaling>
      <Vertaling>
        <Oorspronkelijk>149</Oorspronkelijk>
        <Translatie>150</Translatie>
      </Vertaling>
      <Vertaling>
        <Oorspronkelijk>150</Oorspronkelijk>
        <Translatie>151</Translatie>
      </Vertaling>
      <Vertaling>
        <Oorspronkelijk>151</Oorspronkelijk>
        <Translatie>152</Translatie>
      </Vertaling>
      <Vertaling>
        <Oorspronkelijk>152</Oorspronkelijk>
        <Translatie>153</Translatie>
      </Vertaling>
      <Vertaling>
        <Oorspronkelijk>153</Oorspronkelijk>
        <Translatie>154</Translatie>
      </Vertaling>
      <Vertaling>
        <Oorspronkelijk>154</Oorspronkelijk>
        <Translatie>155</Translatie>
      </Vertaling>
      <Vertaling>
        <Oorspronkelijk>155</Oorspronkelijk>
        <Translatie>156</Translatie>
      </Vertaling>
      <Vertaling>
        <Oorspronkelijk>156</Oorspronkelijk>
        <Translatie>157</Translatie>
      </Vertaling>
      <Vertaling>
        <Oorspronkelijk>157</Oorspronkelijk>
        <Translatie>158</Translatie>
      </Vertaling>
      <Vertaling>
        <Oorspronkelijk>158</Oorspronkelijk>
        <Translatie>159</Translatie>
      </Vertaling>
      <Vertaling>
        <Oorspronkelijk>159</Oorspronkelijk>
        <Translatie>160</Translatie>
      </Vertaling>
      <Vertaling>
        <Oorspronkelijk>160</Oorspronkelijk>
        <Translatie>161</Translatie>
      </Vertaling>
      <Vertaling>
        <Oorspronkelijk>161</Oorspronkelijk>
        <Translatie>162</Translatie>
      </Vertaling>
      <Vertaling>
        <Oorspronkelijk>162</Oorspronkelijk>
        <Translatie>163</Translatie>
      </Vertaling>
      <Vertaling>
        <Oorspronkelijk>163</Oorspronkelijk>
        <Translatie>164</Translatie>
      </Vertaling>
      <Vertaling>
        <Oorspronkelijk>164</Oorspronkelijk>
        <Translatie>165</Translatie>
      </Vertaling>
      <Vertaling>
        <Oorspronkelijk>165</Oorspronkelijk>
        <Translatie>166</Translatie>
      </Vertaling>
      <Vertaling>
        <Oorspronkelijk>166</Oorspronkelijk>
        <Translatie>167</Translatie>
      </Vertaling>
      <Vertaling>
        <Oorspronkelijk>167</Oorspronkelijk>
        <Translatie>168</Translatie>
      </Vertaling>
      <Vertaling>
        <Oorspronkelijk>168</Oorspronkelijk>
        <Translatie>169</Translatie>
      </Vertaling>
      <Vertaling>
        <Oorspronkelijk>169</Oorspronkelijk>
        <Translatie>170</Translatie>
      </Vertaling>
      <Vertaling>
        <Oorspronkelijk>170</Oorspronkelijk>
        <Translatie>171</Translatie>
      </Vertaling>
      <Vertaling>
        <Oorspronkelijk>171</Oorspronkelijk>
        <Translatie>172</Translatie>
      </Vertaling>
      <Vertaling>
        <Oorspronkelijk>172</Oorspronkelijk>
        <Translatie>173</Translatie>
      </Vertaling>
      <Vertaling>
        <Oorspronkelijk>173</Oorspronkelijk>
        <Translatie>174</Translatie>
      </Vertaling>
      <Vertaling>
        <Oorspronkelijk>174</Oorspronkelijk>
        <Translatie>175</Translatie>
      </Vertaling>
      <Vertaling>
        <Oorspronkelijk>175</Oorspronkelijk>
        <Translatie>176</Translatie>
      </Vertaling>
      <Vertaling>
        <Oorspronkelijk>176</Oorspronkelijk>
        <Translatie>177</Translatie>
      </Vertaling>
      <Vertaling>
        <Oorspronkelijk>177</Oorspronkelijk>
        <Translatie>178</Translatie>
      </Vertaling>
      <Vertaling>
        <Oorspronkelijk>178</Oorspronkelijk>
        <Translatie>179</Translatie>
      </Vertaling>
      <Vertaling>
        <Oorspronkelijk>179</Oorspronkelijk>
        <Translatie>180</Translatie>
      </Vertaling>
      <Vertaling>
        <Oorspronkelijk>180</Oorspronkelijk>
        <Translatie>181</Translatie>
      </Vertaling>
      <Vertaling>
        <Oorspronkelijk>181</Oorspronkelijk>
        <Translatie>182</Translatie>
      </Vertaling>
      <Vertaling>
        <Oorspronkelijk>182</Oorspronkelijk>
        <Translatie>183</Translatie>
      </Vertaling>
      <Vertaling>
        <Oorspronkelijk>183</Oorspronkelijk>
        <Translatie>184</Translatie>
      </Vertaling>
      <Vertaling>
        <Oorspronkelijk>184</Oorspronkelijk>
        <Translatie>185</Translatie>
      </Vertaling>
      <Vertaling>
        <Oorspronkelijk>185</Oorspronkelijk>
        <Translatie>186</Translatie>
      </Vertaling>
      <Vertaling>
        <Oorspronkelijk>186</Oorspronkelijk>
        <Translatie>187</Translatie>
      </Vertaling>
      <Vertaling>
        <Oorspronkelijk>187</Oorspronkelijk>
        <Translatie>188</Translatie>
      </Vertaling>
      <Vertaling>
        <Oorspronkelijk>188</Oorspronkelijk>
        <Translatie>189</Translatie>
      </Vertaling>
      <Vertaling>
        <Oorspronkelijk>189</Oorspronkelijk>
        <Translatie>190</Translatie>
      </Vertaling>
      <Vertaling>
        <Oorspronkelijk>190</Oorspronkelijk>
        <Translatie>191</Translatie>
      </Vertaling>
      <Vertaling>
        <Oorspronkelijk>191</Oorspronkelijk>
        <Translatie>192</Translatie>
      </Vertaling>
      <Vertaling>
        <Oorspronkelijk>192</Oorspronkelijk>
        <Translatie>193</Translatie>
      </Vertaling>
      <Vertaling>
        <Oorspronkelijk>193</Oorspronkelijk>
        <Translatie>194</Translatie>
      </Vertaling>
      <Vertaling>
        <Oorspronkelijk>194</Oorspronkelijk>
        <Translatie>195</Translatie>
      </Vertaling>
      <Vertaling>
        <Oorspronkelijk>195</Oorspronkelijk>
        <Translatie>196</Translatie>
      </Vertaling>
      <Vertaling>
        <Oorspronkelijk>196</Oorspronkelijk>
        <Translatie>197</Translatie>
      </Vertaling>
      <Vertaling>
        <Oorspronkelijk>197</Oorspronkelijk>
        <Translatie>198</Translatie>
      </Vertaling>
      <Vertaling>
        <Oorspronkelijk>198</Oorspronkelijk>
        <Translatie>199</Translatie>
      </Vertaling>
      <Vertaling>
        <Oorspronkelijk>199</Oorspronkelijk>
        <Translatie>200</Translatie>
      </Vertaling>
      <Vertaling>
        <Oorspronkelijk>200</Oorspronkelijk>
        <Translatie>201</Translatie>
      </Vertaling>
      <Vertaling>
        <Oorspronkelijk>201</Oorspronkelijk>
        <Translatie>202</Translatie>
      </Vertaling>
      <Vertaling>
        <Oorspronkelijk>202</Oorspronkelijk>
        <Translatie>203</Translatie>
      </Vertaling>
      <Vertaling>
        <Oorspronkelijk>203</Oorspronkelijk>
        <Translatie>204</Translatie>
      </Vertaling>
      <Vertaling>
        <Oorspronkelijk>204</Oorspronkelijk>
        <Translatie>205</Translatie>
      </Vertaling>
      <Vertaling>
        <Oorspronkelijk>205</Oorspronkelijk>
        <Translatie>206</Translatie>
      </Vertaling>
      <Vertaling>
        <Oorspronkelijk>206</Oorspronkelijk>
        <Translatie>207</Translatie>
      </Vertaling>
      <Vertaling>
        <Oorspronkelijk>207</Oorspronkelijk>
        <Translatie>208</Translatie>
      </Vertaling>
      <Vertaling>
        <Oorspronkelijk>208</Oorspronkelijk>
        <Translatie>209</Translatie>
      </Vertaling>
      <Vertaling>
        <Oorspronkelijk>209</Oorspronkelijk>
        <Translatie>210</Translatie>
      </Vertaling>
      <Vertaling>
        <Oorspronkelijk>210</Oorspronkelijk>
        <Translatie>211</Translatie>
      </Vertaling>
      <Vertaling>
        <Oorspronkelijk>211</Oorspronkelijk>
        <Translatie>212</Translatie>
      </Vertaling>
      <Vertaling>
        <Oorspronkelijk>212</Oorspronkelijk>
        <Translatie>213</Translatie>
      </Vertaling>
      <Vertaling>
        <Oorspronkelijk>213</Oorspronkelijk>
        <Translatie>214</Translatie>
      </Vertaling>
      <Vertaling>
        <Oorspronkelijk>214</Oorspronkelijk>
        <Translatie>215</Translatie>
      </Vertaling>
      <Vertaling>
        <Oorspronkelijk>215</Oorspronkelijk>
        <Translatie>216</Translatie>
      </Vertaling>
      <Vertaling>
        <Oorspronkelijk>216</Oorspronkelijk>
        <Translatie>217</Translatie>
      </Vertaling>
      <Vertaling>
        <Oorspronkelijk>217</Oorspronkelijk>
        <Translatie>218</Translatie>
      </Vertaling>
      <Vertaling>
        <Oorspronkelijk>218</Oorspronkelijk>
        <Translatie>219</Translatie>
      </Vertaling>
      <Vertaling>
        <Oorspronkelijk>219</Oorspronkelijk>
        <Translatie>220</Translatie>
      </Vertaling>
      <Vertaling>
        <Oorspronkelijk>220</Oorspronkelijk>
        <Translatie>221</Translatie>
      </Vertaling>
      <Vertaling>
        <Oorspronkelijk>221</Oorspronkelijk>
        <Translatie>222</Translatie>
      </Vertaling>
      <Vertaling>
        <Oorspronkelijk>222</Oorspronkelijk>
        <Translatie>223</Translatie>
      </Vertaling>
      <Vertaling>
        <Oorspronkelijk>223</Oorspronkelijk>
        <Translatie>224</Translatie>
      </Vertaling>
      <Vertaling>
        <Oorspronkelijk>224</Oorspronkelijk>
        <Translatie>225</Translatie>
      </Vertaling>
      <Vertaling>
        <Oorspronkelijk>225</Oorspronkelijk>
        <Translatie>226</Translatie>
      </Vertaling>
      <Vertaling>
        <Oorspronkelijk>226</Oorspronkelijk>
        <Translatie>227</Translatie>
      </Vertaling>
      <Vertaling>
        <Oorspronkelijk>227</Oorspronkelijk>
        <Translatie>228</Translatie>
      </Vertaling>
      <Vertaling>
        <Oorspronkelijk>228</Oorspronkelijk>
        <Translatie>229</Translatie>
      </Vertaling>
      <Vertaling>
        <Oorspronkelijk>229</Oorspronkelijk>
        <Translatie>230</Translatie>
      </Vertaling>
      <Vertaling>
        <Oorspronkelijk>230</Oorspronkelijk>
        <Translatie>231</Translatie>
      </Vertaling>
      <Vertaling>
        <Oorspronkelijk>231</Oorspronkelijk>
        <Translatie>232</Translatie>
      </Vertaling>
      <Vertaling>
        <Oorspronkelijk>232</Oorspronkelijk>
        <Translatie>233</Translatie>
      </Vertaling>
      <Vertaling>
        <Oorspronkelijk>233</Oorspronkelijk>
        <Translatie>234</Translatie>
      </Vertaling>
      <Vertaling>
        <Oorspronkelijk>234</Oorspronkelijk>
        <Translatie>235</Translatie>
      </Vertaling>
      <Vertaling>
        <Oorspronkelijk>235</Oorspronkelijk>
        <Translatie>236</Translatie>
      </Vertaling>
      <Vertaling>
        <Oorspronkelijk>236</Oorspronkelijk>
        <Translatie>237</Translatie>
      </Vertaling>
      <Vertaling>
        <Oorspronkelijk>237</Oorspronkelijk>
        <Translatie>238</Translatie>
      </Vertaling>
      <Vertaling>
        <Oorspronkelijk>238</Oorspronkelijk>
        <Translatie>239</Translatie>
      </Vertaling>
      <Vertaling>
        <Oorspronkelijk>239</Oorspronkelijk>
        <Translatie>240</Translatie>
      </Vertaling>
      <Vertaling>
        <Oorspronkelijk>240</Oorspronkelijk>
        <Translatie>241</Translatie>
      </Vertaling>
      <Vertaling>
        <Oorspronkelijk>241</Oorspronkelijk>
        <Translatie>242</Translatie>
      </Vertaling>
      <Vertaling>
        <Oorspronkelijk>242</Oorspronkelijk>
        <Translatie>243</Translatie>
      </Vertaling>
      <Vertaling>
        <Oorspronkelijk>243</Oorspronkelijk>
        <Translatie>244</Translatie>
      </Vertaling>
      <Vertaling>
        <Oorspronkelijk>244</Oorspronkelijk>
        <Translatie>245</Translatie>
      </Vertaling>
      <Vertaling>
        <Oorspronkelijk>245</Oorspronkelijk>
        <Translatie>246</Translatie>
      </Vertaling>
      <Vertaling>
        <Oorspronkelijk>246</Oorspronkelijk>
        <Translatie>247</Translatie>
      </Vertaling>
      <Vertaling>
        <Oorspronkelijk>247</Oorspronkelijk>
        <Translatie>248</Translatie>
      </Vertaling>
      <Vertaling>
        <Oorspronkelijk>248</Oorspronkelijk>
        <Translatie>249</Translatie>
      </Vertaling>
      <Vertaling>
        <Oorspronkelijk>249</Oorspronkelijk>
        <Translatie>250</Translatie>
      </Vertaling>
      <Vertaling>
        <Oorspronkelijk>250</Oorspronkelijk>
        <Translatie>251</Translatie>
      </Vertaling>
      <Vertaling>
        <Oorspronkelijk>251</Oorspronkelijk>
        <Translatie>252</Translatie>
      </Vertaling>
      <Vertaling>
        <Oorspronkelijk>252</Oorspronkelijk>
        <Translatie>253</Translatie>
      </Vertaling>
      <Vertaling>
        <Oorspronkelijk>253</Oorspronkelijk>
        <Translatie>254</Translatie>
      </Vertaling>
      <Vertaling>
        <Oorspronkelijk>254</Oorspronkelijk>
        <Translatie>255</Translatie>
      </Vertaling>
      <Vertaling>
        <Oorspronkelijk>255</Oorspronkelijk>
        <Translatie>0</Translatie>
      </Vertaling>
    </Vertalingen>
  </clsVertalingLijst>
  <clsVertalingLijst>
    <LijstID>iszero</LijstID>
    <OrgTitel>value</OrgTitel>
    <ConvTitel>iszero</ConvTitel>
    <TypeCall>1</TypeCall>
    <Periode />
    <NetrixWEB>false</NetrixWEB>
    <NetrixWebLockColumn>false</NetrixWebLockColumn>
    <NetrixWebPreventErase>false</NetrixWebPreventErase>
    <ICALL>false</ICALL>
    <Vertalingen>
      <Vertaling>
        <Oorspronkelijk>0</Oorspronkelijk>
        <Translatie>true</Translatie>
      </Vertaling>
      <Vertaling>
        <Oorspronkelijk>1</Oorspronkelijk>
        <Translatie>false</Translatie>
      </Vertaling>
      <Vertaling>
        <Oorspronkelijk>2</Oorspronkelijk>
        <Translatie>false</Translatie>
      </Vertaling>
      <Vertaling>
        <Oorspronkelijk>3</Oorspronkelijk>
        <Translatie>false</Translatie>
      </Vertaling>
      <Vertaling>
        <Oorspronkelijk>4</Oorspronkelijk>
        <Translatie>false</Translatie>
      </Vertaling>
      <Vertaling>
        <Oorspronkelijk>5</Oorspronkelijk>
        <Translatie>false</Translatie>
      </Vertaling>
      <Vertaling>
        <Oorspronkelijk>6</Oorspronkelijk>
        <Translatie>false</Translatie>
      </Vertaling>
      <Vertaling>
        <Oorspronkelijk>7</Oorspronkelijk>
        <Translatie>false</Translatie>
      </Vertaling>
      <Vertaling>
        <Oorspronkelijk>8</Oorspronkelijk>
        <Translatie>false</Translatie>
      </Vertaling>
      <Vertaling>
        <Oorspronkelijk>9</Oorspronkelijk>
        <Translatie>false</Translatie>
      </Vertaling>
      <Vertaling>
        <Oorspronkelijk>10</Oorspronkelijk>
        <Translatie>false</Translatie>
      </Vertaling>
      <Vertaling>
        <Oorspronkelijk>11</Oorspronkelijk>
        <Translatie>false</Translatie>
      </Vertaling>
      <Vertaling>
        <Oorspronkelijk>12</Oorspronkelijk>
        <Translatie>false</Translatie>
      </Vertaling>
      <Vertaling>
        <Oorspronkelijk>13</Oorspronkelijk>
        <Translatie>false</Translatie>
      </Vertaling>
      <Vertaling>
        <Oorspronkelijk>14</Oorspronkelijk>
        <Translatie>false</Translatie>
      </Vertaling>
      <Vertaling>
        <Oorspronkelijk>15</Oorspronkelijk>
        <Translatie>false</Translatie>
      </Vertaling>
      <Vertaling>
        <Oorspronkelijk>16</Oorspronkelijk>
        <Translatie>false</Translatie>
      </Vertaling>
      <Vertaling>
        <Oorspronkelijk>17</Oorspronkelijk>
        <Translatie>false</Translatie>
      </Vertaling>
      <Vertaling>
        <Oorspronkelijk>18</Oorspronkelijk>
        <Translatie>false</Translatie>
      </Vertaling>
      <Vertaling>
        <Oorspronkelijk>19</Oorspronkelijk>
        <Translatie>false</Translatie>
      </Vertaling>
      <Vertaling>
        <Oorspronkelijk>20</Oorspronkelijk>
        <Translatie>false</Translatie>
      </Vertaling>
      <Vertaling>
        <Oorspronkelijk>21</Oorspronkelijk>
        <Translatie>false</Translatie>
      </Vertaling>
      <Vertaling>
        <Oorspronkelijk>22</Oorspronkelijk>
        <Translatie>false</Translatie>
      </Vertaling>
      <Vertaling>
        <Oorspronkelijk>23</Oorspronkelijk>
        <Translatie>false</Translatie>
      </Vertaling>
      <Vertaling>
        <Oorspronkelijk>24</Oorspronkelijk>
        <Translatie>false</Translatie>
      </Vertaling>
      <Vertaling>
        <Oorspronkelijk>25</Oorspronkelijk>
        <Translatie>false</Translatie>
      </Vertaling>
      <Vertaling>
        <Oorspronkelijk>26</Oorspronkelijk>
        <Translatie>false</Translatie>
      </Vertaling>
      <Vertaling>
        <Oorspronkelijk>27</Oorspronkelijk>
        <Translatie>false</Translatie>
      </Vertaling>
      <Vertaling>
        <Oorspronkelijk>28</Oorspronkelijk>
        <Translatie>false</Translatie>
      </Vertaling>
      <Vertaling>
        <Oorspronkelijk>29</Oorspronkelijk>
        <Translatie>false</Translatie>
      </Vertaling>
      <Vertaling>
        <Oorspronkelijk>30</Oorspronkelijk>
        <Translatie>false</Translatie>
      </Vertaling>
      <Vertaling>
        <Oorspronkelijk>31</Oorspronkelijk>
        <Translatie>false</Translatie>
      </Vertaling>
      <Vertaling>
        <Oorspronkelijk>32</Oorspronkelijk>
        <Translatie>false</Translatie>
      </Vertaling>
      <Vertaling>
        <Oorspronkelijk>33</Oorspronkelijk>
        <Translatie>false</Translatie>
      </Vertaling>
      <Vertaling>
        <Oorspronkelijk>34</Oorspronkelijk>
        <Translatie>false</Translatie>
      </Vertaling>
      <Vertaling>
        <Oorspronkelijk>35</Oorspronkelijk>
        <Translatie>false</Translatie>
      </Vertaling>
      <Vertaling>
        <Oorspronkelijk>36</Oorspronkelijk>
        <Translatie>false</Translatie>
      </Vertaling>
      <Vertaling>
        <Oorspronkelijk>37</Oorspronkelijk>
        <Translatie>false</Translatie>
      </Vertaling>
      <Vertaling>
        <Oorspronkelijk>38</Oorspronkelijk>
        <Translatie>false</Translatie>
      </Vertaling>
      <Vertaling>
        <Oorspronkelijk>39</Oorspronkelijk>
        <Translatie>false</Translatie>
      </Vertaling>
      <Vertaling>
        <Oorspronkelijk>40</Oorspronkelijk>
        <Translatie>false</Translatie>
      </Vertaling>
      <Vertaling>
        <Oorspronkelijk>41</Oorspronkelijk>
        <Translatie>false</Translatie>
      </Vertaling>
      <Vertaling>
        <Oorspronkelijk>42</Oorspronkelijk>
        <Translatie>false</Translatie>
      </Vertaling>
      <Vertaling>
        <Oorspronkelijk>43</Oorspronkelijk>
        <Translatie>false</Translatie>
      </Vertaling>
      <Vertaling>
        <Oorspronkelijk>44</Oorspronkelijk>
        <Translatie>false</Translatie>
      </Vertaling>
      <Vertaling>
        <Oorspronkelijk>45</Oorspronkelijk>
        <Translatie>false</Translatie>
      </Vertaling>
      <Vertaling>
        <Oorspronkelijk>46</Oorspronkelijk>
        <Translatie>false</Translatie>
      </Vertaling>
      <Vertaling>
        <Oorspronkelijk>47</Oorspronkelijk>
        <Translatie>false</Translatie>
      </Vertaling>
      <Vertaling>
        <Oorspronkelijk>48</Oorspronkelijk>
        <Translatie>false</Translatie>
      </Vertaling>
      <Vertaling>
        <Oorspronkelijk>49</Oorspronkelijk>
        <Translatie>false</Translatie>
      </Vertaling>
      <Vertaling>
        <Oorspronkelijk>50</Oorspronkelijk>
        <Translatie>false</Translatie>
      </Vertaling>
      <Vertaling>
        <Oorspronkelijk>51</Oorspronkelijk>
        <Translatie>false</Translatie>
      </Vertaling>
      <Vertaling>
        <Oorspronkelijk>52</Oorspronkelijk>
        <Translatie>false</Translatie>
      </Vertaling>
      <Vertaling>
        <Oorspronkelijk>53</Oorspronkelijk>
        <Translatie>false</Translatie>
      </Vertaling>
      <Vertaling>
        <Oorspronkelijk>54</Oorspronkelijk>
        <Translatie>false</Translatie>
      </Vertaling>
      <Vertaling>
        <Oorspronkelijk>55</Oorspronkelijk>
        <Translatie>false</Translatie>
      </Vertaling>
      <Vertaling>
        <Oorspronkelijk>56</Oorspronkelijk>
        <Translatie>false</Translatie>
      </Vertaling>
      <Vertaling>
        <Oorspronkelijk>57</Oorspronkelijk>
        <Translatie>false</Translatie>
      </Vertaling>
      <Vertaling>
        <Oorspronkelijk>58</Oorspronkelijk>
        <Translatie>false</Translatie>
      </Vertaling>
      <Vertaling>
        <Oorspronkelijk>59</Oorspronkelijk>
        <Translatie>false</Translatie>
      </Vertaling>
      <Vertaling>
        <Oorspronkelijk>60</Oorspronkelijk>
        <Translatie>false</Translatie>
      </Vertaling>
      <Vertaling>
        <Oorspronkelijk>61</Oorspronkelijk>
        <Translatie>false</Translatie>
      </Vertaling>
      <Vertaling>
        <Oorspronkelijk>62</Oorspronkelijk>
        <Translatie>false</Translatie>
      </Vertaling>
      <Vertaling>
        <Oorspronkelijk>63</Oorspronkelijk>
        <Translatie>false</Translatie>
      </Vertaling>
      <Vertaling>
        <Oorspronkelijk>64</Oorspronkelijk>
        <Translatie>false</Translatie>
      </Vertaling>
      <Vertaling>
        <Oorspronkelijk>65</Oorspronkelijk>
        <Translatie>false</Translatie>
      </Vertaling>
      <Vertaling>
        <Oorspronkelijk>66</Oorspronkelijk>
        <Translatie>false</Translatie>
      </Vertaling>
      <Vertaling>
        <Oorspronkelijk>67</Oorspronkelijk>
        <Translatie>false</Translatie>
      </Vertaling>
      <Vertaling>
        <Oorspronkelijk>68</Oorspronkelijk>
        <Translatie>false</Translatie>
      </Vertaling>
      <Vertaling>
        <Oorspronkelijk>69</Oorspronkelijk>
        <Translatie>false</Translatie>
      </Vertaling>
      <Vertaling>
        <Oorspronkelijk>70</Oorspronkelijk>
        <Translatie>false</Translatie>
      </Vertaling>
      <Vertaling>
        <Oorspronkelijk>71</Oorspronkelijk>
        <Translatie>false</Translatie>
      </Vertaling>
      <Vertaling>
        <Oorspronkelijk>72</Oorspronkelijk>
        <Translatie>false</Translatie>
      </Vertaling>
      <Vertaling>
        <Oorspronkelijk>73</Oorspronkelijk>
        <Translatie>false</Translatie>
      </Vertaling>
      <Vertaling>
        <Oorspronkelijk>74</Oorspronkelijk>
        <Translatie>false</Translatie>
      </Vertaling>
      <Vertaling>
        <Oorspronkelijk>75</Oorspronkelijk>
        <Translatie>false</Translatie>
      </Vertaling>
      <Vertaling>
        <Oorspronkelijk>76</Oorspronkelijk>
        <Translatie>false</Translatie>
      </Vertaling>
      <Vertaling>
        <Oorspronkelijk>77</Oorspronkelijk>
        <Translatie>false</Translatie>
      </Vertaling>
      <Vertaling>
        <Oorspronkelijk>78</Oorspronkelijk>
        <Translatie>false</Translatie>
      </Vertaling>
      <Vertaling>
        <Oorspronkelijk>79</Oorspronkelijk>
        <Translatie>false</Translatie>
      </Vertaling>
      <Vertaling>
        <Oorspronkelijk>80</Oorspronkelijk>
        <Translatie>false</Translatie>
      </Vertaling>
      <Vertaling>
        <Oorspronkelijk>81</Oorspronkelijk>
        <Translatie>false</Translatie>
      </Vertaling>
      <Vertaling>
        <Oorspronkelijk>82</Oorspronkelijk>
        <Translatie>false</Translatie>
      </Vertaling>
      <Vertaling>
        <Oorspronkelijk>83</Oorspronkelijk>
        <Translatie>false</Translatie>
      </Vertaling>
      <Vertaling>
        <Oorspronkelijk>84</Oorspronkelijk>
        <Translatie>false</Translatie>
      </Vertaling>
      <Vertaling>
        <Oorspronkelijk>85</Oorspronkelijk>
        <Translatie>false</Translatie>
      </Vertaling>
      <Vertaling>
        <Oorspronkelijk>86</Oorspronkelijk>
        <Translatie>false</Translatie>
      </Vertaling>
      <Vertaling>
        <Oorspronkelijk>87</Oorspronkelijk>
        <Translatie>false</Translatie>
      </Vertaling>
      <Vertaling>
        <Oorspronkelijk>88</Oorspronkelijk>
        <Translatie>false</Translatie>
      </Vertaling>
      <Vertaling>
        <Oorspronkelijk>89</Oorspronkelijk>
        <Translatie>false</Translatie>
      </Vertaling>
      <Vertaling>
        <Oorspronkelijk>90</Oorspronkelijk>
        <Translatie>false</Translatie>
      </Vertaling>
      <Vertaling>
        <Oorspronkelijk>91</Oorspronkelijk>
        <Translatie>false</Translatie>
      </Vertaling>
      <Vertaling>
        <Oorspronkelijk>92</Oorspronkelijk>
        <Translatie>false</Translatie>
      </Vertaling>
      <Vertaling>
        <Oorspronkelijk>93</Oorspronkelijk>
        <Translatie>false</Translatie>
      </Vertaling>
      <Vertaling>
        <Oorspronkelijk>94</Oorspronkelijk>
        <Translatie>false</Translatie>
      </Vertaling>
      <Vertaling>
        <Oorspronkelijk>95</Oorspronkelijk>
        <Translatie>false</Translatie>
      </Vertaling>
      <Vertaling>
        <Oorspronkelijk>96</Oorspronkelijk>
        <Translatie>false</Translatie>
      </Vertaling>
      <Vertaling>
        <Oorspronkelijk>97</Oorspronkelijk>
        <Translatie>false</Translatie>
      </Vertaling>
      <Vertaling>
        <Oorspronkelijk>98</Oorspronkelijk>
        <Translatie>false</Translatie>
      </Vertaling>
      <Vertaling>
        <Oorspronkelijk>99</Oorspronkelijk>
        <Translatie>false</Translatie>
      </Vertaling>
      <Vertaling>
        <Oorspronkelijk>100</Oorspronkelijk>
        <Translatie>false</Translatie>
      </Vertaling>
      <Vertaling>
        <Oorspronkelijk>101</Oorspronkelijk>
        <Translatie>false</Translatie>
      </Vertaling>
      <Vertaling>
        <Oorspronkelijk>102</Oorspronkelijk>
        <Translatie>false</Translatie>
      </Vertaling>
      <Vertaling>
        <Oorspronkelijk>103</Oorspronkelijk>
        <Translatie>false</Translatie>
      </Vertaling>
      <Vertaling>
        <Oorspronkelijk>104</Oorspronkelijk>
        <Translatie>false</Translatie>
      </Vertaling>
      <Vertaling>
        <Oorspronkelijk>105</Oorspronkelijk>
        <Translatie>false</Translatie>
      </Vertaling>
      <Vertaling>
        <Oorspronkelijk>106</Oorspronkelijk>
        <Translatie>false</Translatie>
      </Vertaling>
      <Vertaling>
        <Oorspronkelijk>107</Oorspronkelijk>
        <Translatie>false</Translatie>
      </Vertaling>
      <Vertaling>
        <Oorspronkelijk>108</Oorspronkelijk>
        <Translatie>false</Translatie>
      </Vertaling>
      <Vertaling>
        <Oorspronkelijk>109</Oorspronkelijk>
        <Translatie>false</Translatie>
      </Vertaling>
      <Vertaling>
        <Oorspronkelijk>110</Oorspronkelijk>
        <Translatie>false</Translatie>
      </Vertaling>
      <Vertaling>
        <Oorspronkelijk>111</Oorspronkelijk>
        <Translatie>false</Translatie>
      </Vertaling>
      <Vertaling>
        <Oorspronkelijk>112</Oorspronkelijk>
        <Translatie>false</Translatie>
      </Vertaling>
      <Vertaling>
        <Oorspronkelijk>113</Oorspronkelijk>
        <Translatie>false</Translatie>
      </Vertaling>
      <Vertaling>
        <Oorspronkelijk>114</Oorspronkelijk>
        <Translatie>false</Translatie>
      </Vertaling>
      <Vertaling>
        <Oorspronkelijk>115</Oorspronkelijk>
        <Translatie>false</Translatie>
      </Vertaling>
      <Vertaling>
        <Oorspronkelijk>116</Oorspronkelijk>
        <Translatie>false</Translatie>
      </Vertaling>
      <Vertaling>
        <Oorspronkelijk>117</Oorspronkelijk>
        <Translatie>false</Translatie>
      </Vertaling>
      <Vertaling>
        <Oorspronkelijk>118</Oorspronkelijk>
        <Translatie>false</Translatie>
      </Vertaling>
      <Vertaling>
        <Oorspronkelijk>119</Oorspronkelijk>
        <Translatie>false</Translatie>
      </Vertaling>
      <Vertaling>
        <Oorspronkelijk>120</Oorspronkelijk>
        <Translatie>false</Translatie>
      </Vertaling>
      <Vertaling>
        <Oorspronkelijk>121</Oorspronkelijk>
        <Translatie>false</Translatie>
      </Vertaling>
      <Vertaling>
        <Oorspronkelijk>122</Oorspronkelijk>
        <Translatie>false</Translatie>
      </Vertaling>
      <Vertaling>
        <Oorspronkelijk>123</Oorspronkelijk>
        <Translatie>false</Translatie>
      </Vertaling>
      <Vertaling>
        <Oorspronkelijk>124</Oorspronkelijk>
        <Translatie>false</Translatie>
      </Vertaling>
      <Vertaling>
        <Oorspronkelijk>125</Oorspronkelijk>
        <Translatie>false</Translatie>
      </Vertaling>
      <Vertaling>
        <Oorspronkelijk>126</Oorspronkelijk>
        <Translatie>false</Translatie>
      </Vertaling>
      <Vertaling>
        <Oorspronkelijk>127</Oorspronkelijk>
        <Translatie>false</Translatie>
      </Vertaling>
      <Vertaling>
        <Oorspronkelijk>128</Oorspronkelijk>
        <Translatie>false</Translatie>
      </Vertaling>
      <Vertaling>
        <Oorspronkelijk>129</Oorspronkelijk>
        <Translatie>false</Translatie>
      </Vertaling>
      <Vertaling>
        <Oorspronkelijk>130</Oorspronkelijk>
        <Translatie>false</Translatie>
      </Vertaling>
      <Vertaling>
        <Oorspronkelijk>131</Oorspronkelijk>
        <Translatie>false</Translatie>
      </Vertaling>
      <Vertaling>
        <Oorspronkelijk>132</Oorspronkelijk>
        <Translatie>false</Translatie>
      </Vertaling>
      <Vertaling>
        <Oorspronkelijk>133</Oorspronkelijk>
        <Translatie>false</Translatie>
      </Vertaling>
      <Vertaling>
        <Oorspronkelijk>134</Oorspronkelijk>
        <Translatie>false</Translatie>
      </Vertaling>
      <Vertaling>
        <Oorspronkelijk>135</Oorspronkelijk>
        <Translatie>false</Translatie>
      </Vertaling>
      <Vertaling>
        <Oorspronkelijk>136</Oorspronkelijk>
        <Translatie>false</Translatie>
      </Vertaling>
      <Vertaling>
        <Oorspronkelijk>137</Oorspronkelijk>
        <Translatie>false</Translatie>
      </Vertaling>
      <Vertaling>
        <Oorspronkelijk>138</Oorspronkelijk>
        <Translatie>false</Translatie>
      </Vertaling>
      <Vertaling>
        <Oorspronkelijk>139</Oorspronkelijk>
        <Translatie>false</Translatie>
      </Vertaling>
      <Vertaling>
        <Oorspronkelijk>140</Oorspronkelijk>
        <Translatie>false</Translatie>
      </Vertaling>
      <Vertaling>
        <Oorspronkelijk>141</Oorspronkelijk>
        <Translatie>false</Translatie>
      </Vertaling>
      <Vertaling>
        <Oorspronkelijk>142</Oorspronkelijk>
        <Translatie>false</Translatie>
      </Vertaling>
      <Vertaling>
        <Oorspronkelijk>143</Oorspronkelijk>
        <Translatie>false</Translatie>
      </Vertaling>
      <Vertaling>
        <Oorspronkelijk>144</Oorspronkelijk>
        <Translatie>false</Translatie>
      </Vertaling>
      <Vertaling>
        <Oorspronkelijk>145</Oorspronkelijk>
        <Translatie>false</Translatie>
      </Vertaling>
      <Vertaling>
        <Oorspronkelijk>146</Oorspronkelijk>
        <Translatie>false</Translatie>
      </Vertaling>
      <Vertaling>
        <Oorspronkelijk>147</Oorspronkelijk>
        <Translatie>false</Translatie>
      </Vertaling>
      <Vertaling>
        <Oorspronkelijk>148</Oorspronkelijk>
        <Translatie>false</Translatie>
      </Vertaling>
      <Vertaling>
        <Oorspronkelijk>149</Oorspronkelijk>
        <Translatie>false</Translatie>
      </Vertaling>
      <Vertaling>
        <Oorspronkelijk>150</Oorspronkelijk>
        <Translatie>false</Translatie>
      </Vertaling>
      <Vertaling>
        <Oorspronkelijk>151</Oorspronkelijk>
        <Translatie>false</Translatie>
      </Vertaling>
      <Vertaling>
        <Oorspronkelijk>152</Oorspronkelijk>
        <Translatie>false</Translatie>
      </Vertaling>
      <Vertaling>
        <Oorspronkelijk>153</Oorspronkelijk>
        <Translatie>false</Translatie>
      </Vertaling>
      <Vertaling>
        <Oorspronkelijk>154</Oorspronkelijk>
        <Translatie>false</Translatie>
      </Vertaling>
      <Vertaling>
        <Oorspronkelijk>155</Oorspronkelijk>
        <Translatie>false</Translatie>
      </Vertaling>
      <Vertaling>
        <Oorspronkelijk>156</Oorspronkelijk>
        <Translatie>false</Translatie>
      </Vertaling>
      <Vertaling>
        <Oorspronkelijk>157</Oorspronkelijk>
        <Translatie>false</Translatie>
      </Vertaling>
      <Vertaling>
        <Oorspronkelijk>158</Oorspronkelijk>
        <Translatie>false</Translatie>
      </Vertaling>
      <Vertaling>
        <Oorspronkelijk>159</Oorspronkelijk>
        <Translatie>false</Translatie>
      </Vertaling>
      <Vertaling>
        <Oorspronkelijk>160</Oorspronkelijk>
        <Translatie>false</Translatie>
      </Vertaling>
      <Vertaling>
        <Oorspronkelijk>161</Oorspronkelijk>
        <Translatie>false</Translatie>
      </Vertaling>
      <Vertaling>
        <Oorspronkelijk>162</Oorspronkelijk>
        <Translatie>false</Translatie>
      </Vertaling>
      <Vertaling>
        <Oorspronkelijk>163</Oorspronkelijk>
        <Translatie>false</Translatie>
      </Vertaling>
      <Vertaling>
        <Oorspronkelijk>164</Oorspronkelijk>
        <Translatie>false</Translatie>
      </Vertaling>
      <Vertaling>
        <Oorspronkelijk>165</Oorspronkelijk>
        <Translatie>false</Translatie>
      </Vertaling>
      <Vertaling>
        <Oorspronkelijk>166</Oorspronkelijk>
        <Translatie>false</Translatie>
      </Vertaling>
      <Vertaling>
        <Oorspronkelijk>167</Oorspronkelijk>
        <Translatie>false</Translatie>
      </Vertaling>
      <Vertaling>
        <Oorspronkelijk>168</Oorspronkelijk>
        <Translatie>false</Translatie>
      </Vertaling>
      <Vertaling>
        <Oorspronkelijk>169</Oorspronkelijk>
        <Translatie>false</Translatie>
      </Vertaling>
      <Vertaling>
        <Oorspronkelijk>170</Oorspronkelijk>
        <Translatie>false</Translatie>
      </Vertaling>
      <Vertaling>
        <Oorspronkelijk>171</Oorspronkelijk>
        <Translatie>false</Translatie>
      </Vertaling>
      <Vertaling>
        <Oorspronkelijk>172</Oorspronkelijk>
        <Translatie>false</Translatie>
      </Vertaling>
      <Vertaling>
        <Oorspronkelijk>173</Oorspronkelijk>
        <Translatie>false</Translatie>
      </Vertaling>
      <Vertaling>
        <Oorspronkelijk>174</Oorspronkelijk>
        <Translatie>false</Translatie>
      </Vertaling>
      <Vertaling>
        <Oorspronkelijk>175</Oorspronkelijk>
        <Translatie>false</Translatie>
      </Vertaling>
      <Vertaling>
        <Oorspronkelijk>176</Oorspronkelijk>
        <Translatie>false</Translatie>
      </Vertaling>
      <Vertaling>
        <Oorspronkelijk>177</Oorspronkelijk>
        <Translatie>false</Translatie>
      </Vertaling>
      <Vertaling>
        <Oorspronkelijk>178</Oorspronkelijk>
        <Translatie>false</Translatie>
      </Vertaling>
      <Vertaling>
        <Oorspronkelijk>179</Oorspronkelijk>
        <Translatie>false</Translatie>
      </Vertaling>
      <Vertaling>
        <Oorspronkelijk>180</Oorspronkelijk>
        <Translatie>false</Translatie>
      </Vertaling>
      <Vertaling>
        <Oorspronkelijk>181</Oorspronkelijk>
        <Translatie>false</Translatie>
      </Vertaling>
      <Vertaling>
        <Oorspronkelijk>182</Oorspronkelijk>
        <Translatie>false</Translatie>
      </Vertaling>
      <Vertaling>
        <Oorspronkelijk>183</Oorspronkelijk>
        <Translatie>false</Translatie>
      </Vertaling>
      <Vertaling>
        <Oorspronkelijk>184</Oorspronkelijk>
        <Translatie>false</Translatie>
      </Vertaling>
      <Vertaling>
        <Oorspronkelijk>185</Oorspronkelijk>
        <Translatie>false</Translatie>
      </Vertaling>
      <Vertaling>
        <Oorspronkelijk>186</Oorspronkelijk>
        <Translatie>false</Translatie>
      </Vertaling>
      <Vertaling>
        <Oorspronkelijk>187</Oorspronkelijk>
        <Translatie>false</Translatie>
      </Vertaling>
      <Vertaling>
        <Oorspronkelijk>188</Oorspronkelijk>
        <Translatie>false</Translatie>
      </Vertaling>
      <Vertaling>
        <Oorspronkelijk>189</Oorspronkelijk>
        <Translatie>false</Translatie>
      </Vertaling>
      <Vertaling>
        <Oorspronkelijk>190</Oorspronkelijk>
        <Translatie>false</Translatie>
      </Vertaling>
      <Vertaling>
        <Oorspronkelijk>191</Oorspronkelijk>
        <Translatie>false</Translatie>
      </Vertaling>
      <Vertaling>
        <Oorspronkelijk>192</Oorspronkelijk>
        <Translatie>false</Translatie>
      </Vertaling>
      <Vertaling>
        <Oorspronkelijk>193</Oorspronkelijk>
        <Translatie>false</Translatie>
      </Vertaling>
      <Vertaling>
        <Oorspronkelijk>194</Oorspronkelijk>
        <Translatie>false</Translatie>
      </Vertaling>
      <Vertaling>
        <Oorspronkelijk>195</Oorspronkelijk>
        <Translatie>false</Translatie>
      </Vertaling>
      <Vertaling>
        <Oorspronkelijk>196</Oorspronkelijk>
        <Translatie>false</Translatie>
      </Vertaling>
      <Vertaling>
        <Oorspronkelijk>197</Oorspronkelijk>
        <Translatie>false</Translatie>
      </Vertaling>
      <Vertaling>
        <Oorspronkelijk>198</Oorspronkelijk>
        <Translatie>false</Translatie>
      </Vertaling>
      <Vertaling>
        <Oorspronkelijk>199</Oorspronkelijk>
        <Translatie>false</Translatie>
      </Vertaling>
      <Vertaling>
        <Oorspronkelijk>200</Oorspronkelijk>
        <Translatie>false</Translatie>
      </Vertaling>
      <Vertaling>
        <Oorspronkelijk>201</Oorspronkelijk>
        <Translatie>false</Translatie>
      </Vertaling>
      <Vertaling>
        <Oorspronkelijk>202</Oorspronkelijk>
        <Translatie>false</Translatie>
      </Vertaling>
      <Vertaling>
        <Oorspronkelijk>203</Oorspronkelijk>
        <Translatie>false</Translatie>
      </Vertaling>
      <Vertaling>
        <Oorspronkelijk>204</Oorspronkelijk>
        <Translatie>false</Translatie>
      </Vertaling>
      <Vertaling>
        <Oorspronkelijk>205</Oorspronkelijk>
        <Translatie>false</Translatie>
      </Vertaling>
      <Vertaling>
        <Oorspronkelijk>206</Oorspronkelijk>
        <Translatie>false</Translatie>
      </Vertaling>
      <Vertaling>
        <Oorspronkelijk>207</Oorspronkelijk>
        <Translatie>false</Translatie>
      </Vertaling>
      <Vertaling>
        <Oorspronkelijk>208</Oorspronkelijk>
        <Translatie>false</Translatie>
      </Vertaling>
      <Vertaling>
        <Oorspronkelijk>209</Oorspronkelijk>
        <Translatie>false</Translatie>
      </Vertaling>
      <Vertaling>
        <Oorspronkelijk>210</Oorspronkelijk>
        <Translatie>false</Translatie>
      </Vertaling>
      <Vertaling>
        <Oorspronkelijk>211</Oorspronkelijk>
        <Translatie>false</Translatie>
      </Vertaling>
      <Vertaling>
        <Oorspronkelijk>212</Oorspronkelijk>
        <Translatie>false</Translatie>
      </Vertaling>
      <Vertaling>
        <Oorspronkelijk>213</Oorspronkelijk>
        <Translatie>false</Translatie>
      </Vertaling>
      <Vertaling>
        <Oorspronkelijk>214</Oorspronkelijk>
        <Translatie>false</Translatie>
      </Vertaling>
      <Vertaling>
        <Oorspronkelijk>215</Oorspronkelijk>
        <Translatie>false</Translatie>
      </Vertaling>
      <Vertaling>
        <Oorspronkelijk>216</Oorspronkelijk>
        <Translatie>false</Translatie>
      </Vertaling>
      <Vertaling>
        <Oorspronkelijk>217</Oorspronkelijk>
        <Translatie>false</Translatie>
      </Vertaling>
      <Vertaling>
        <Oorspronkelijk>218</Oorspronkelijk>
        <Translatie>false</Translatie>
      </Vertaling>
      <Vertaling>
        <Oorspronkelijk>219</Oorspronkelijk>
        <Translatie>false</Translatie>
      </Vertaling>
      <Vertaling>
        <Oorspronkelijk>220</Oorspronkelijk>
        <Translatie>false</Translatie>
      </Vertaling>
      <Vertaling>
        <Oorspronkelijk>221</Oorspronkelijk>
        <Translatie>false</Translatie>
      </Vertaling>
      <Vertaling>
        <Oorspronkelijk>222</Oorspronkelijk>
        <Translatie>false</Translatie>
      </Vertaling>
      <Vertaling>
        <Oorspronkelijk>223</Oorspronkelijk>
        <Translatie>false</Translatie>
      </Vertaling>
      <Vertaling>
        <Oorspronkelijk>224</Oorspronkelijk>
        <Translatie>false</Translatie>
      </Vertaling>
      <Vertaling>
        <Oorspronkelijk>225</Oorspronkelijk>
        <Translatie>false</Translatie>
      </Vertaling>
      <Vertaling>
        <Oorspronkelijk>226</Oorspronkelijk>
        <Translatie>false</Translatie>
      </Vertaling>
      <Vertaling>
        <Oorspronkelijk>227</Oorspronkelijk>
        <Translatie>false</Translatie>
      </Vertaling>
      <Vertaling>
        <Oorspronkelijk>228</Oorspronkelijk>
        <Translatie>false</Translatie>
      </Vertaling>
      <Vertaling>
        <Oorspronkelijk>229</Oorspronkelijk>
        <Translatie>false</Translatie>
      </Vertaling>
      <Vertaling>
        <Oorspronkelijk>230</Oorspronkelijk>
        <Translatie>false</Translatie>
      </Vertaling>
      <Vertaling>
        <Oorspronkelijk>231</Oorspronkelijk>
        <Translatie>false</Translatie>
      </Vertaling>
      <Vertaling>
        <Oorspronkelijk>232</Oorspronkelijk>
        <Translatie>false</Translatie>
      </Vertaling>
      <Vertaling>
        <Oorspronkelijk>233</Oorspronkelijk>
        <Translatie>false</Translatie>
      </Vertaling>
      <Vertaling>
        <Oorspronkelijk>234</Oorspronkelijk>
        <Translatie>false</Translatie>
      </Vertaling>
      <Vertaling>
        <Oorspronkelijk>235</Oorspronkelijk>
        <Translatie>false</Translatie>
      </Vertaling>
      <Vertaling>
        <Oorspronkelijk>236</Oorspronkelijk>
        <Translatie>false</Translatie>
      </Vertaling>
      <Vertaling>
        <Oorspronkelijk>237</Oorspronkelijk>
        <Translatie>false</Translatie>
      </Vertaling>
      <Vertaling>
        <Oorspronkelijk>238</Oorspronkelijk>
        <Translatie>false</Translatie>
      </Vertaling>
      <Vertaling>
        <Oorspronkelijk>239</Oorspronkelijk>
        <Translatie>false</Translatie>
      </Vertaling>
      <Vertaling>
        <Oorspronkelijk>240</Oorspronkelijk>
        <Translatie>false</Translatie>
      </Vertaling>
      <Vertaling>
        <Oorspronkelijk>241</Oorspronkelijk>
        <Translatie>false</Translatie>
      </Vertaling>
      <Vertaling>
        <Oorspronkelijk>242</Oorspronkelijk>
        <Translatie>false</Translatie>
      </Vertaling>
      <Vertaling>
        <Oorspronkelijk>243</Oorspronkelijk>
        <Translatie>false</Translatie>
      </Vertaling>
      <Vertaling>
        <Oorspronkelijk>244</Oorspronkelijk>
        <Translatie>false</Translatie>
      </Vertaling>
      <Vertaling>
        <Oorspronkelijk>245</Oorspronkelijk>
        <Translatie>false</Translatie>
      </Vertaling>
      <Vertaling>
        <Oorspronkelijk>246</Oorspronkelijk>
        <Translatie>false</Translatie>
      </Vertaling>
      <Vertaling>
        <Oorspronkelijk>247</Oorspronkelijk>
        <Translatie>false</Translatie>
      </Vertaling>
      <Vertaling>
        <Oorspronkelijk>248</Oorspronkelijk>
        <Translatie>false</Translatie>
      </Vertaling>
      <Vertaling>
        <Oorspronkelijk>249</Oorspronkelijk>
        <Translatie>false</Translatie>
      </Vertaling>
      <Vertaling>
        <Oorspronkelijk>250</Oorspronkelijk>
        <Translatie>false</Translatie>
      </Vertaling>
      <Vertaling>
        <Oorspronkelijk>251</Oorspronkelijk>
        <Translatie>false</Translatie>
      </Vertaling>
      <Vertaling>
        <Oorspronkelijk>252</Oorspronkelijk>
        <Translatie>false</Translatie>
      </Vertaling>
      <Vertaling>
        <Oorspronkelijk>253</Oorspronkelijk>
        <Translatie>false</Translatie>
      </Vertaling>
      <Vertaling>
        <Oorspronkelijk>254</Oorspronkelijk>
        <Translatie>false</Translatie>
      </Vertaling>
      <Vertaling>
        <Oorspronkelijk>255</Oorspronkelijk>
        <Translatie>false</Translatie>
      </Vertaling>
    </Vertalingen>
  </clsVertalingLijst>
  <clsVertalingLijst>
    <LijstID>jmpz-boolean</LijstID>
    <OrgTitel>value</OrgTitel>
    <ConvTitel>branch</ConvTitel>
    <TypeCall>1</TypeCall>
    <Periode />
    <NetrixWEB>false</NetrixWEB>
    <NetrixWebLockColumn>false</NetrixWebLockColumn>
    <NetrixWebPreventErase>false</NetrixWebPreventErase>
    <ICALL>false</ICALL>
    <Vertalingen>
      <Vertaling>
        <Oorspronkelijk>true</Oorspronkelijk>
        <Translatie>1072</Translatie>
      </Vertaling>
      <Vertaling>
        <Oorspronkelijk>false</Oorspronkelijk>
        <Translatie>1073</Translatie>
      </Vertaling>
    </Vertalingen>
  </clsVertalingLijst>
</ArrayOfClsVertalingLijst>